Team Name,region,size (n),Well-being_mean,Needs_mean,Engagement_mean,Autonomy_mean,Belonging_mean,Competence_mean,Leadership_mean,Management_mean,Returns_mean,Rewards_mean,Status_mean,Myself_mean,Tasks_mean,Free_mean,Mastery_mean,Competent_mean,Learn_mean,Group_mean,Talk_mean,Care_mean,Satisfied_mean,Meaning_mean,Stay_mean,Ideas_mean,Values_mean,Understands_mean,Encourages_mean,Listens_mean,Network_mean,Friendly_mean,Team_mean,Appreciated_mean,Responsibilities_mean,Work_mean,Impact_mean,Strong_mean,Drained_mean,Frustrated_mean,Front_mean,Well-being_median,Needs_median,Engagement_median,Autonomy_median,Belonging_median,Competence_median,Leadership_median,Management_median,Returns_median,Rewards_median,Status_median,Myself_median,Tasks_median,Free_median,Mastery_median,Competent_median,Learn_median,Group_median,Talk_median,Care_median,Satisfied_median,Meaning_median,Stay_median,Ideas_median,Values_median,Understands_median,Encourages_median,Listens_median,Network_median,Friendly_median,Team_median,Appreciated_median,Responsibilities_median,Work_median,Impact_median,Strong_median,Drained_median,Frustrated_median,Front_median,Volunteer,Staff
Bashtanka_Distctrict_Staff,Mykolaiv Region,11,3.4,3.8,3.8,3.9,3.6,4.0,4.1,3.8,3.8,3.6,4.0,3.8,3.7,4.2,4.2,3.8,3.9,3.7,3.5,3.6,4.0,3.5,3.7,4.2,3.5,4.1,4.1,4.1,3.6,3.6,3.3,3.9,3.6,3.5,4.1,4.6,3.5,3.1,0.0,3.5,3.9,4.0,4.0,4.0,4.0,4.0,3.8,4.0,3.5,4.0,4.0,4.0,4.0,4.0,4.0,4.0,4.0,4.0,4.0,4.0,4.0,4.0,4.0,4.0,4.0,4.0,4.0,4.0,4.0,3.0,4.0,4.0,4.0,4.0,5.0,3.0,3.0,0.0,0,1
Bashtanka_District_Volunteers,Mykolaiv Region,10,3.9,4.0,3.8,3.9,4.0,4.0,3.7,3.8,4.0,3.4,4.0,4.1,3.6,4.0,4.1,3.9,4.1,4.1,4.0,3.8,3.8,4.0,4.2,3.6,3.6,3.7,3.6,3.7,3.9,4.0,3.5,4.0,3.5,3.2,4.1,5.3,3.0,2.1,0.0,3.9,4.0,3.8,4.0,4.0,4.0,3.7,3.9,3.8,3.8,4.0,4.0,4.0,4.0,4.0,4.0,4.0,4.0,4.0,3.5,4.0,4.0,4.0,3.5,4.0,4.0,3.5,4.0,4.0,4.0,4.0,4.0,4.0,3.5,4.0,5.0,3.0,1.0,0.0,1,0
Berdychiv_City_JointStaffVolunteers,Zytomyr Region,5,3.8,4.3,4.1,4.3,4.3,4.1,4.4,4.2,4.4,4.1,4.1,4.4,4.0,4.6,4.4,3.8,4.8,4.2,4.0,4.6,4.6,4.4,4.0,3.8,3.6,4.2,4.4,4.6,4.0,4.6,3.0,4.0,4.4,3.8,4.2,5.2,3.4,2.2,0.0,3.9,4.6,4.2,4.3,4.7,4.0,4.7,4.3,4.5,4.0,4.0,4.0,4.0,5.0,4.0,4.0,5.0,5.0,4.0,5.0,5.0,4.0,4.0,4.0,4.0,5.0,4.0,5.0,4.0,5.0,3.0,4.0,4.0,4.0,4.0,5.0,3.0,2.0,0.0,1,0
Berehovo_District_Volonteers,Zakarpattya Region,8,3.9,4.0,4.0,3.7,4.2,4.2,3.3,4.0,4.2,3.6,4.1,3.8,3.8,3.5,4.2,4.1,4.2,4.1,4.4,4.1,4.0,4.2,4.0,3.9,3.8,3.4,3.2,3.2,4.2,4.5,2.6,4.0,3.6,3.5,4.2,5.2,2.9,2.5,0.0,4.0,4.0,4.0,4.0,4.0,4.0,3.8,4.2,4.2,4.0,4.2,4.0,4.0,4.0,4.0,4.0,4.5,4.0,4.0,4.0,4.0,4.0,4.0,4.0,4.0,4.0,3.5,4.0,4.0,5.0,2.5,4.0,4.0,4.0,4.0,5.0,2.5,2.0,0.0,1,0
Bila Tserkva District Volunteers,Kyiv Region,21,3.9,4.4,4.3,4.4,4.4,4.5,4.3,4.4,4.6,4.1,4.4,4.6,4.3,4.4,4.6,4.5,4.9,4.7,4.2,4.2,4.3,4.2,4.8,4.3,4.0,4.5,4.0,4.4,4.3,4.7,2.8,4.4,4.1,4.0,4.5,5.7,3.3,2.1,0.0,4.1,4.4,4.2,4.3,4.3,4.5,4.3,4.3,4.5,4.0,4.5,5.0,4.0,4.0,5.0,5.0,5.0,5.0,4.0,4.0,4.0,4.0,5.0,4.0,4.0,5.0,4.0,4.0,4.0,5.0,3.0,4.0,4.0,4.0,4.0,6.0,3.0,2.0,0.0,1,0
Bilhorod-Dnistrovska_District_Volunteers,Odessa Region,5,4.1,4.2,4.3,4.3,4.1,4.2,4.3,4.1,4.3,3.8,4.3,4.4,4.2,4.2,4.2,4.2,4.6,4.4,4.0,3.8,3.8,4.4,4.2,4.6,4.4,4.4,4.4,4.2,4.0,4.6,3.0,4.4,3.8,3.8,4.2,5.4,3.2,1.4,0.0,4.1,4.0,4.4,4.0,4.0,4.0,4.0,4.2,4.0,4.0,4.0,4.0,4.0,4.0,4.0,4.0,5.0,4.0,4.0,4.0,4.0,4.0,4.0,5.0,4.0,4.0,4.0,4.0,4.0,5.0,3.0,4.0,4.0,4.0,4.0,5.0,3.0,1.0,0.0,1,0
Bilozerska_District_JointStaffVolunteers,Kherson Region,55,4.4,4.4,4.4,4.4,4.4,4.4,4.5,4.4,4.4,4.4,4.5,4.4,4.4,4.4,4.5,4.4,4.5,4.5,4.3,4.3,4.5,4.5,4.5,4.2,4.4,4.7,4.4,4.5,4.3,4.7,3.4,4.5,4.4,4.4,4.5,6.4,2.6,1.4,1.0,4.6,4.5,4.4,4.3,4.3,4.5,4.7,4.5,4.5,4.0,4.5,4.0,4.0,4.0,5.0,4.0,5.0,5.0,4.0,4.0,4.0,5.0,5.0,4.0,4.0,5.0,4.0,5.0,4.0,5.0,3.0,5.0,4.0,4.0,5.0,7.0,3.0,1.0,1.0,1,0
Blagovishchenskа_District_Volunteers,Kropyvnytskyi Region,5,3.9,4.5,4.3,4.7,4.5,4.4,4.5,4.1,4.5,3.6,4.3,4.6,4.6,4.8,4.4,4.4,4.8,4.4,4.6,4.4,4.4,4.2,4.2,4.2,4.6,4.4,4.6,4.6,4.2,4.2,2.8,4.2,3.6,3.6,4.4,5.2,2.8,2.2,0.0,3.9,4.4,4.0,4.7,4.3,4.0,4.7,4.0,4.5,4.0,4.0,5.0,5.0,5.0,4.0,4.0,5.0,4.0,5.0,4.0,4.0,4.0,4.0,4.0,5.0,4.0,5.0,5.0,4.0,4.0,3.0,4.0,4.0,4.0,4.0,5.0,3.0,2.0,0.0,1,0
Bolgradska_District_Volunteers,Odessa Region,4,4.0,3.8,4.0,3.9,3.7,3.9,3.8,3.8,4.0,3.5,3.8,3.8,4.0,4.0,4.0,3.8,4.2,3.8,3.8,3.5,3.8,4.2,4.2,4.5,3.5,3.8,3.8,3.8,3.8,3.8,3.2,3.8,3.5,3.5,3.8,5.8,2.8,2.5,0.0,3.9,3.9,4.0,4.0,4.0,4.0,4.0,3.9,4.0,4.0,4.0,4.0,4.0,4.0,4.0,4.0,4.0,4.0,4.0,4.0,4.0,4.0,4.0,4.5,4.0,4.0,4.0,4.0,4.0,4.0,3.0,4.0,4.0,4.0,4.0,6.0,3.0,3.0,0.0,1,0
Borshchiv_District_JoinStaffVolunteers,Ternopil Region,11,4.4,4.5,4.6,4.6,4.5,4.4,4.4,4.3,4.4,4.3,4.3,4.7,4.4,4.6,4.5,4.3,4.5,4.6,4.1,4.6,4.8,4.6,4.5,4.4,4.5,4.6,4.3,4.4,4.3,4.6,2.8,4.3,4.4,4.3,4.3,5.8,2.2,1.2,0.0,4.6,4.5,4.6,4.7,4.3,4.5,4.3,4.2,4.5,4.0,4.0,5.0,4.0,5.0,5.0,4.0,4.0,5.0,4.0,5.0,5.0,5.0,5.0,4.0,4.0,5.0,4.0,4.0,4.0,5.0,2.0,4.0,4.0,4.0,4.0,6.0,2.0,1.0,0.0,1,0
Boryspil_District_Voluunteers,Kyiv Region,10,4.1,4.4,4.5,4.4,4.3,4.6,4.4,4.4,4.4,4.2,4.6,4.5,4.4,4.3,4.6,4.6,4.5,4.3,4.2,4.4,4.4,4.6,4.4,4.6,4.6,4.4,4.3,4.6,4.3,4.7,2.9,4.4,4.1,4.2,4.7,6.1,3.3,1.7,0.0,4.4,4.7,4.7,4.8,4.8,4.8,4.8,4.8,4.5,5.0,5.0,5.0,5.0,5.0,5.0,5.0,5.0,4.5,5.0,5.0,5.0,5.0,4.5,5.0,5.0,5.0,5.0,5.0,4.0,5.0,3.0,5.0,5.0,5.0,5.0,6.0,3.0,1.0,0.0,1,0
Brovary_District_Volunteers,Kyiv Region,10,4.2,4.3,4.2,4.2,4.3,4.4,4.0,4.0,4.4,3.4,4.3,4.3,3.9,4.3,4.3,4.6,4.4,4.2,4.4,4.3,4.2,4.2,4.1,4.2,4.1,4.0,4.0,4.0,4.3,4.1,3.0,4.4,3.4,3.5,4.2,6.0,3.0,1.8,0.0,4.3,4.2,4.0,4.2,4.2,4.5,4.0,4.2,4.2,3.8,4.2,4.0,4.0,4.0,4.0,5.0,4.0,4.0,4.0,4.0,4.0,4.0,4.0,4.0,4.0,4.0,4.0,4.0,4.0,4.0,3.0,4.0,4.0,4.0,4.0,6.0,3.0,1.5,0.0,1,0
Bucha_Filia_Kyiv_Regional_Volunteers,Kyiv Region,11,4.1,4.0,4.1,4.0,4.0,3.9,3.9,4.1,4.4,3.9,4.1,4.0,4.1,4.0,3.8,4.0,4.5,4.1,4.1,3.9,4.3,4.1,4.1,4.0,3.8,3.9,3.7,4.1,4.3,4.5,3.1,4.2,3.8,4.0,4.0,5.5,2.5,2.1,0.0,4.1,4.0,4.0,4.0,4.0,4.0,4.0,4.0,4.0,4.0,4.0,4.0,4.0,4.0,4.0,4.0,4.0,4.0,4.0,4.0,4.0,4.0,4.0,4.0,4.0,4.0,4.0,4.0,4.0,5.0,3.0,4.0,4.0,4.0,4.0,5.0,3.0,2.0,0.0,1,0
Bucha_Filia_Kyiv_Regional_Volunteers 1,Kyiv Region,4,4.7,4.4,4.4,4.2,4.5,4.5,3.8,4.0,4.1,3.2,4.5,4.0,4.2,4.2,4.5,4.5,4.2,4.8,4.2,4.5,4.5,4.8,4.5,4.0,4.2,4.0,3.8,3.8,4.0,4.5,3.2,4.5,3.5,3.0,4.5,6.5,1.5,1.5,0.0,5.0,4.4,4.4,4.2,4.5,4.5,3.8,4.2,4.2,4.0,4.5,4.0,4.5,4.5,4.5,4.5,4.0,5.0,4.0,4.5,4.5,5.0,4.5,4.0,4.0,4.0,3.5,4.0,4.0,4.5,3.5,4.5,4.0,3.5,4.5,7.0,1.0,1.0,0.0,1,0
Cherkasy_City_Volunteers,Cherkasy Region,17,4.1,4.2,4.2,4.2,4.2,4.3,4.2,4.2,4.2,4.1,4.4,4.4,4.2,4.1,4.2,4.3,4.3,4.1,4.1,4.4,4.2,4.2,4.2,4.1,4.2,4.2,4.1,4.2,4.1,4.6,2.8,4.2,4.1,4.1,4.6,5.4,2.5,1.8,0.0,3.9,4.0,4.0,4.0,4.0,4.0,4.0,4.2,4.0,4.0,4.5,4.0,4.0,4.0,4.0,4.0,4.0,4.0,4.0,4.0,4.0,4.0,4.0,4.0,4.0,4.0,4.0,4.0,4.0,5.0,3.0,4.0,4.0,4.0,5.0,5.0,2.0,1.0,0.0,1,0
Cherkasy_RegionalCity_JointStaff,Cherkasy Region,6,3.4,3.9,4.2,3.9,4.2,3.5,3.8,4.1,4.3,3.9,4.2,3.8,3.8,4.0,3.7,3.3,4.3,4.2,4.2,4.2,3.8,4.7,3.8,4.2,4.3,3.7,4.0,3.8,4.3,4.2,3.0,4.2,3.8,4.0,4.2,4.8,4.0,3.0,0.0,3.2,3.6,4.0,3.7,4.2,3.5,3.6,4.0,4.2,4.0,4.0,4.0,3.5,4.0,3.5,3.5,4.0,4.0,4.0,4.5,3.5,5.0,3.5,4.0,4.0,3.5,4.0,3.5,4.0,4.5,3.0,4.0,4.0,4.0,4.0,4.5,4.0,3.5,0.0,0,1
Cherkasy_Regional_Staff,Cherkasy Region,26,3.7,4.0,4.1,4.0,3.9,4.0,4.1,4.1,4.1,4.1,4.1,3.8,4.0,4.1,4.0,4.0,4.4,4.3,3.7,3.8,4.2,4.2,4.1,4.2,3.8,4.2,4.0,4.1,3.9,4.2,3.1,3.9,4.1,4.1,4.2,4.8,3.6,2.2,0.0,3.7,4.0,4.0,4.0,4.0,4.0,4.0,4.1,4.0,4.0,4.0,4.0,4.0,4.0,4.0,4.0,4.0,4.0,4.0,4.0,4.0,4.0,4.0,4.0,4.0,4.0,4.0,4.0,4.0,4.0,3.0,4.0,4.0,4.0,4.0,5.0,3.0,2.0,0.0,0,1
Cherkasy_Regional_Volunteers,Cherkasy Region,7,4.4,4.1,4.2,4.1,4.1,4.2,4.1,4.1,4.1,4.0,4.3,4.0,4.0,4.3,4.1,4.3,4.1,4.1,4.0,4.0,4.3,4.1,4.4,4.1,3.9,4.6,3.9,4.0,4.1,4.3,3.0,4.1,3.9,4.1,4.4,5.9,2.6,1.1,0.0,4.3,3.9,4.0,4.0,4.0,4.0,4.3,4.0,4.0,4.0,4.0,4.0,4.0,4.0,4.0,4.0,4.0,4.0,4.0,4.0,4.0,4.0,4.0,4.0,4.0,5.0,4.0,4.0,4.0,4.0,3.0,4.0,4.0,4.0,4.0,6.0,3.0,1.0,0.0,1,0
Chernihiv_ Regional_Staff,Chernihiv Region,15,4.1,4.3,4.1,4.4,4.1,4.3,4.2,4.1,4.1,4.0,4.1,4.5,4.3,4.3,4.3,4.4,4.3,4.5,3.9,3.9,4.1,4.3,4.1,4.1,4.1,4.3,4.1,4.1,3.8,4.2,3.2,3.9,4.0,4.0,4.3,5.7,2.7,2.0,0.0,4.1,4.1,4.2,4.3,4.0,4.0,4.0,4.0,4.0,4.0,4.0,5.0,4.0,4.0,4.0,4.0,4.0,5.0,4.0,4.0,4.0,4.0,4.0,4.0,4.0,4.0,4.0,4.0,4.0,4.0,3.0,4.0,4.0,4.0,4.0,6.0,3.0,2.0,0.0,1,0
Chernihiv_City_Volunteers,Chernihiv Region,12,3.7,4.1,4.1,4.2,4.1,4.1,4.1,4.0,4.2,3.6,4.1,4.2,4.1,4.2,4.0,4.2,4.3,4.2,4.1,4.1,4.2,4.3,3.9,4.2,4.2,4.1,4.1,4.1,4.1,4.4,3.2,4.2,3.8,3.5,4.1,5.7,4.0,2.7,0.0,3.8,4.0,4.0,4.0,4.0,4.0,4.0,4.0,4.0,4.0,4.0,4.0,4.0,4.0,4.0,4.0,4.0,4.0,4.0,4.0,4.0,4.0,4.0,4.0,4.0,4.0,4.0,4.0,4.0,4.0,3.0,4.0,4.0,4.0,4.0,5.5,4.0,3.0,0.0,1,0
Chernivetska_District_JointStaffVolunteers,Chernivtsi Region,28,4.1,4.3,4.3,4.3,4.4,4.2,4.1,4.1,4.3,3.8,4.2,4.2,4.2,4.4,4.2,4.2,4.4,4.4,4.3,4.4,4.3,4.3,4.2,4.3,4.3,4.2,4.0,4.1,4.1,4.4,2.9,4.2,3.8,3.8,4.2,5.7,3.1,1.8,0.0,4.1,4.2,4.2,4.0,4.2,4.0,4.0,4.2,4.5,4.0,4.0,4.0,4.0,4.0,4.0,4.0,4.0,4.0,4.0,4.0,4.0,4.0,4.0,4.0,4.0,4.0,4.0,4.0,4.0,4.0,3.0,4.0,4.0,4.0,4.0,6.0,3.0,1.5,0.0,1,0
Chernivtsi_Regional_ERT,Chernivtsi Region,11,4.1,4.1,4.1,4.0,4.1,4.2,4.1,4.1,4.2,3.8,4.3,4.2,3.7,4.1,4.4,4.1,4.4,4.3,3.9,4.1,4.1,4.3,4.2,4.2,3.9,4.1,4.1,4.1,4.1,4.2,3.3,4.3,3.9,3.7,4.3,5.7,2.9,1.8,0.0,4.1,4.1,4.0,4.0,4.0,4.0,4.0,4.0,4.0,4.0,4.0,4.0,4.0,4.0,4.0,4.0,4.0,4.0,4.0,4.0,4.0,4.0,4.0,4.0,4.0,4.0,4.0,4.0,4.0,4.0,3.0,4.0,4.0,4.0,4.0,6.0,3.0,2.0,0.0,1,0
Chernivtsi_Regional_PSS,Chernivtsi Region,9,4.2,4.2,4.3,4.0,4.3,4.3,4.3,4.2,4.5,3.6,4.5,4.0,3.9,4.1,4.3,4.2,4.9,4.6,3.8,4.4,4.3,4.3,4.6,4.2,4.2,4.4,4.1,4.3,4.1,4.8,2.8,4.4,3.4,3.7,4.6,5.6,2.7,1.7,0.0,4.3,4.1,4.4,4.0,4.0,4.0,4.0,4.2,4.5,4.0,4.5,4.0,4.0,4.0,4.0,4.0,5.0,5.0,4.0,5.0,4.0,4.0,5.0,4.0,4.0,4.0,4.0,4.0,4.0,5.0,3.0,4.0,4.0,4.0,5.0,5.0,2.0,1.0,0.0,1,0
Chernivtsi_Regional_Staff,Chernivtsi Region,13,4.0,4.5,4.3,4.5,4.4,4.4,4.5,4.4,4.4,4.2,4.5,4.5,4.4,4.7,4.4,4.5,4.7,4.5,4.3,4.4,4.3,4.4,4.3,4.5,4.2,4.7,4.4,4.5,4.1,4.2,2.7,4.5,4.4,4.1,4.5,5.8,3.2,2.2,0.0,3.9,4.5,4.4,4.7,4.3,4.5,4.7,4.3,4.5,4.5,5.0,4.0,4.0,5.0,4.0,5.0,5.0,5.0,4.0,4.0,4.0,4.0,5.0,4.0,4.0,5.0,4.0,4.0,4.0,4.0,3.0,5.0,4.0,4.0,5.0,6.0,3.0,2.0,0.0,0,1
Chervonograd District Staff Volunteers,Lviv Region,10,4.0,4.1,4.3,4.1,4.1,4.0,3.9,4.2,4.2,4.1,4.4,4.0,3.9,4.4,4.0,3.9,4.3,4.4,3.9,4.0,4.3,4.4,4.2,4.3,4.2,3.7,3.8,4.1,4.2,4.4,2.4,4.3,4.2,4.0,4.5,5.4,3.0,2.1,0.0,3.9,4.0,4.1,4.0,4.0,4.0,4.0,4.3,4.2,4.0,4.2,4.0,4.0,4.0,4.0,4.0,4.0,4.0,4.0,4.0,4.0,4.0,4.0,4.0,4.0,4.0,4.0,4.0,4.0,4.0,3.0,4.0,4.0,4.0,4.5,5.0,3.0,2.5,0.0,1,0
Chornomorska_District_Volunteers,Odessa Region,4,4.4,4.4,4.4,4.4,4.4,4.4,4.8,4.0,4.2,3.9,3.9,4.5,4.2,4.2,4.5,4.2,4.2,4.5,4.5,4.2,4.2,5.0,4.0,4.5,4.2,4.8,4.8,4.8,4.2,4.5,2.8,3.8,3.8,4.0,4.0,6.0,2.2,1.2,0.0,4.4,4.3,4.3,4.4,4.4,4.2,5.0,4.1,4.0,4.0,3.8,4.5,4.0,4.0,4.5,4.0,4.0,4.5,4.5,4.0,4.0,5.0,4.0,4.5,4.0,5.0,5.0,5.0,4.0,4.5,3.0,3.5,4.0,4.0,4.0,6.0,2.0,1.0,0.0,1,0
Chornukhy Local Organization,Poltava Region,7,4.4,4.4,4.3,4.5,4.2,4.3,4.3,4.0,4.3,3.6,4.2,4.6,4.4,4.6,4.3,4.3,4.4,4.4,4.3,4.0,4.3,4.4,4.3,4.4,4.3,4.4,4.3,4.1,4.1,4.6,3.1,4.1,3.7,3.6,4.3,5.4,2.0,1.3,0.0,4.3,4.4,4.4,4.7,4.0,4.0,4.0,4.2,4.5,4.0,4.0,5.0,4.0,5.0,4.0,4.0,4.0,4.0,4.0,4.0,4.0,4.0,4.0,4.0,4.0,4.0,4.0,4.0,4.0,5.0,3.0,4.0,4.0,4.0,4.0,5.0,2.0,1.0,0.0,1,0
Chortkiv_District_JoinStaffVolunteers,Ternopil Region,9,4.3,4.4,4.5,4.6,4.4,4.2,4.5,4.4,4.4,4.4,4.3,4.8,4.4,4.6,4.2,4.1,4.7,4.6,4.4,4.3,4.6,4.7,4.7,4.3,4.2,4.3,4.4,4.6,4.1,4.7,2.8,4.2,4.4,4.4,4.4,5.4,2.1,1.7,0.0,4.6,4.5,4.6,4.7,4.3,4.0,4.7,4.2,4.5,4.0,4.0,5.0,4.0,5.0,4.0,4.0,5.0,5.0,5.0,4.0,5.0,5.0,5.0,4.0,4.0,4.0,5.0,5.0,4.0,5.0,3.0,4.0,4.0,4.0,4.0,5.0,2.0,1.0,0.0,1,0
Communications,Poltava Region,1,4.6,4.2,4.2,4.7,4.0,4.0,4.0,4.0,4.0,4.0,4.0,5.0,4.0,5.0,4.0,4.0,4.0,4.0,4.0,4.0,5.0,4.0,4.0,4.0,4.0,4.0,4.0,4.0,4.0,5.0,3.0,4.0,4.0,4.0,4.0,5.0,1.0,1.0,0.0,4.6,4.2,4.2,4.7,4.0,4.0,4.0,4.0,4.0,4.0,4.0,5.0,4.0,5.0,4.0,4.0,4.0,4.0,4.0,4.0,5.0,4.0,4.0,4.0,4.0,4.0,4.0,4.0,4.0,5.0,3.0,4.0,4.0,4.0,4.0,5.0,1.0,1.0,0.0,1,0
Dikanyka RO,Poltava Region,15,4.3,4.4,4.3,4.5,4.5,4.2,4.4,4.3,4.5,4.0,4.3,4.6,4.4,4.6,4.3,4.1,4.7,4.7,4.4,4.3,4.5,4.3,4.5,4.2,4.3,4.4,4.3,4.6,4.3,4.7,2.8,4.3,4.0,4.0,4.4,5.8,2.7,1.5,0.0,4.3,4.4,4.4,4.3,4.7,4.0,4.7,4.2,4.5,4.0,4.5,5.0,4.0,5.0,4.0,4.0,5.0,5.0,4.0,4.0,4.0,4.0,5.0,4.0,4.0,4.0,4.0,5.0,4.0,5.0,3.0,4.0,4.0,4.0,4.0,6.0,3.0,1.0,0.0,1,0
Dnipro_Region_First Aid_Volunteers,Dnipro Region,3,4.1,4.7,4.8,4.7,4.8,4.7,4.0,4.6,4.7,4.2,4.8,4.7,4.7,4.7,4.7,4.7,5.0,5.0,5.0,4.3,4.7,5.0,4.3,5.0,5.0,4.3,3.3,4.3,4.3,4.3,3.7,4.7,4.3,4.0,5.0,6.3,3.0,2.3,0.0,4.1,5.0,4.8,5.0,5.0,5.0,4.0,4.5,4.5,4.5,5.0,5.0,5.0,5.0,5.0,5.0,5.0,5.0,5.0,5.0,5.0,5.0,4.0,5.0,5.0,5.0,3.0,5.0,4.0,4.0,3.0,5.0,5.0,4.0,5.0,6.0,3.0,2.0,0.0,1,0
Dnipro_Regional_ERT_Volunteers,Dnipro Region,23,4.1,4.3,4.2,4.2,4.2,4.3,4.2,4.1,4.3,3.8,4.2,4.3,4.1,4.2,4.3,4.3,4.4,4.4,4.2,4.0,4.3,4.2,4.3,4.1,4.0,4.4,4.0,4.3,4.1,4.3,2.8,4.1,3.7,3.8,4.3,5.4,2.9,1.6,0.0,4.1,4.0,4.0,4.0,4.0,4.0,4.0,4.2,4.5,4.0,4.0,4.0,4.0,4.0,4.0,4.0,4.0,4.0,4.0,4.0,4.0,4.0,4.0,4.0,4.0,4.0,4.0,4.0,4.0,4.0,3.0,4.0,4.0,4.0,4.0,5.0,3.0,1.0,0.0,1,0
Dnipro_Regional_Emergency Response Team_Volunteers,Dnipro Region,1,4.3,4.5,4.0,4.3,5.0,4.0,4.3,4.0,4.0,4.0,4.0,5.0,4.0,4.0,4.0,4.0,4.0,5.0,5.0,5.0,4.0,4.0,4.0,4.0,4.0,5.0,4.0,4.0,4.0,5.0,3.0,4.0,4.0,4.0,4.0,5.0,2.0,1.0,0.0,4.3,4.5,4.0,4.3,5.0,4.0,4.3,4.0,4.0,4.0,4.0,5.0,4.0,4.0,4.0,4.0,4.0,5.0,5.0,5.0,4.0,4.0,4.0,4.0,4.0,5.0,4.0,4.0,4.0,5.0,3.0,4.0,4.0,4.0,4.0,5.0,2.0,1.0,0.0,1,0
Dnipro_Regional_Staff,Dnipro Region,30,4.0,4.1,4.2,4.1,3.9,4.2,4.0,3.9,4.2,3.4,4.1,4.2,4.2,3.9,4.3,4.2,4.4,4.1,3.9,3.7,4.2,4.2,4.2,4.3,4.0,4.0,3.9,3.9,4.0,4.0,3.1,4.0,3.3,3.4,4.3,5.6,3.3,2.1,0.0,4.1,4.0,4.0,4.0,4.0,4.0,4.0,3.8,4.0,3.8,4.0,4.0,4.0,4.0,4.0,4.0,4.0,4.0,4.0,4.0,4.0,4.0,4.0,4.0,4.0,4.0,4.0,4.0,4.0,4.0,3.0,4.0,3.5,4.0,4.0,5.0,3.0,2.0,0.0,0,1
Dniprovska_ City_Volunteers,Zaporizhya Region,5,4.1,4.1,4.6,4.0,4.1,4.2,4.5,4.2,4.7,3.7,4.2,4.4,4.0,3.6,4.6,3.8,4.8,4.6,3.6,4.2,4.6,4.8,4.8,4.6,4.0,4.6,4.4,4.4,4.6,4.2,4.2,4.2,3.6,3.8,4.2,5.8,2.8,2.2,1.0,3.9,4.0,4.8,4.0,4.0,4.5,4.7,4.0,5.0,4.0,4.5,4.0,4.0,4.0,5.0,4.0,5.0,5.0,3.0,4.0,5.0,5.0,5.0,5.0,4.0,5.0,5.0,4.0,5.0,4.0,4.0,4.0,4.0,4.0,5.0,6.0,3.0,2.0,1.0,0,1
Dniprovska_District_JointStaffVolunteers,Kherson Region,5,3.6,3.9,4.1,3.6,4.2,4.0,4.2,4.0,4.1,3.8,4.2,3.2,3.4,4.2,4.0,4.0,4.2,4.2,4.2,4.2,4.0,4.4,3.8,4.2,4.0,4.4,4.0,4.2,4.0,4.4,3.4,4.2,3.8,3.8,4.2,4.0,3.0,2.0,1.0,3.4,3.8,3.8,3.7,4.0,4.0,4.0,4.0,4.0,4.0,4.0,3.0,3.0,4.0,4.0,4.0,4.0,4.0,4.0,4.0,4.0,4.0,4.0,4.0,4.0,4.0,4.0,4.0,4.0,4.0,3.0,4.0,4.0,4.0,4.0,4.0,3.0,2.0,1.0,1,0
Dnistrovska_District_JoinStaffVolunteers,Chernivtsi Region,17,4.2,4.4,4.3,4.3,4.5,4.4,4.2,4.1,4.2,3.7,4.2,4.4,4.4,4.4,4.5,4.2,4.4,4.6,4.4,4.3,4.3,4.5,4.3,4.1,4.2,4.3,3.9,4.4,4.1,4.7,2.9,4.2,3.8,3.7,4.2,5.6,2.5,1.9,0.0,4.1,4.5,4.2,4.3,4.7,4.5,4.3,4.0,4.0,4.0,4.0,4.0,4.0,4.0,5.0,4.0,4.0,5.0,4.0,4.0,4.0,4.0,4.0,4.0,4.0,4.0,4.0,4.0,4.0,5.0,3.0,4.0,4.0,4.0,4.0,6.0,2.0,2.0,0.0,1,0
Dobropillya_District_Joint_Staff_Volunteers,Donetsk Region,9,3.8,4.3,4.2,4.1,4.3,4.4,3.9,4.2,4.2,4.2,4.3,4.0,4.1,4.1,4.4,4.4,4.3,4.4,4.2,4.3,4.1,4.7,3.6,4.4,4.1,4.0,3.9,3.9,4.0,4.7,3.1,4.3,4.3,4.0,4.3,5.0,3.2,2.1,1.0,3.9,4.0,4.0,4.0,4.0,4.0,4.0,4.2,4.0,4.0,4.5,4.0,4.0,4.0,4.0,4.0,4.0,5.0,4.0,4.0,4.0,5.0,4.0,4.0,4.0,4.0,4.0,4.0,4.0,5.0,3.0,4.0,4.0,4.0,5.0,5.0,4.0,1.0,1.0,1,0
Donetsk_Regional_Staff,Donetsk Region,11,3.7,3.9,4.1,4.0,3.9,3.8,4.0,3.9,4.1,3.8,3.8,4.1,3.8,4.0,3.8,3.8,4.5,4.3,3.8,3.5,4.0,4.4,4.4,4.3,3.5,4.2,3.8,3.9,3.8,3.8,3.1,3.7,3.6,4.0,3.8,5.4,3.9,2.1,1.0,4.1,4.0,4.2,4.0,4.0,4.0,4.0,4.0,4.0,4.0,4.0,4.0,4.0,4.0,4.0,4.0,4.0,4.0,4.0,4.0,4.0,4.0,4.0,4.0,4.0,4.0,4.0,4.0,4.0,4.0,3.0,4.0,4.0,4.0,4.0,6.0,3.0,2.0,1.0,0,1
Drogobych District Staff Volunteers,Lviv Region,6,4.0,4.0,4.0,4.0,3.8,4.2,4.1,3.8,3.9,3.3,4.2,3.7,4.3,3.8,4.2,4.2,4.3,4.0,3.8,3.7,4.0,4.5,4.2,3.8,3.7,4.3,3.8,4.0,3.5,4.2,2.7,4.3,3.3,3.3,4.2,5.5,2.8,2.3,0.0,4.0,4.0,4.0,4.0,4.0,4.0,4.0,3.8,4.0,3.5,4.0,4.0,4.0,4.0,4.0,4.0,4.0,4.0,4.0,4.0,4.0,4.5,4.0,4.0,4.0,4.0,4.0,4.0,3.5,4.0,3.0,4.0,3.5,3.5,4.0,5.5,3.0,2.0,0.0,1,0
Druzhkivka_City_Joint_Staff_Volunteers,Donetsk Region,19,4.1,4.2,4.2,4.2,4.1,4.3,4.2,4.2,4.2,4.0,4.5,4.3,4.2,4.2,4.4,4.2,4.4,4.3,4.1,3.9,4.4,4.2,4.5,4.2,3.9,4.3,4.1,4.3,3.9,4.3,3.2,4.4,4.0,3.9,4.5,5.5,2.7,1.8,1.0,4.3,4.0,4.2,4.0,4.0,4.0,4.3,4.3,4.5,4.0,4.5,4.0,4.0,4.0,4.0,4.0,5.0,4.0,4.0,4.0,4.0,4.0,5.0,4.0,4.0,5.0,4.0,4.0,4.0,4.0,3.0,4.0,4.0,4.0,5.0,6.0,3.0,2.0,1.0,1,0
Dubno_City_Volunteers,Rivne Region,5,3.9,4.1,4.2,4.2,4.1,4.2,3.7,3.9,4.3,3.7,3.8,4.2,4.2,4.2,4.4,4.0,4.4,4.0,4.2,4.0,4.0,4.4,4.0,4.2,4.2,3.6,3.4,4.2,4.2,4.8,2.4,3.4,3.6,3.8,4.2,5.8,3.4,2.2,0.0,3.9,4.1,4.0,4.0,4.3,4.0,3.7,4.0,4.0,4.0,4.0,4.0,4.0,4.0,4.0,4.0,4.0,4.0,4.0,4.0,4.0,4.0,4.0,4.0,4.0,4.0,3.0,4.0,4.0,5.0,2.0,4.0,4.0,4.0,4.0,6.0,3.0,2.0,0.0,1,0
Franskivska & Lychakivska & Syhiv City Representation Staff Volunteers,Lviv Region,3,4.7,4.8,4.7,4.8,4.9,4.7,4.8,4.6,4.8,4.2,4.7,5.0,4.7,4.7,4.7,4.7,4.7,5.0,4.7,5.0,5.0,4.7,5.0,4.7,4.3,4.7,5.0,4.7,5.0,5.0,2.3,4.7,4.0,4.3,4.7,6.7,2.0,1.0,0.0,4.8,4.9,5.0,4.7,5.0,5.0,5.0,4.7,5.0,4.0,5.0,5.0,5.0,5.0,5.0,5.0,5.0,5.0,5.0,5.0,5.0,5.0,5.0,5.0,5.0,5.0,5.0,5.0,5.0,5.0,2.0,5.0,4.0,4.0,5.0,7.0,2.0,1.0,0.0,0,1
Home-Based Care,Poltava Region,1,4.6,4.8,4.4,4.7,5.0,4.5,5.0,4.3,4.5,4.0,4.5,4.0,5.0,5.0,4.0,5.0,5.0,5.0,5.0,5.0,5.0,5.0,4.0,4.0,4.0,5.0,5.0,5.0,4.0,4.0,3.0,4.0,4.0,4.0,5.0,7.0,2.0,2.0,0.0,4.6,4.8,4.4,4.7,5.0,4.5,5.0,4.3,4.5,4.0,4.5,4.0,5.0,5.0,4.0,5.0,5.0,5.0,5.0,5.0,5.0,5.0,4.0,4.0,4.0,5.0,5.0,5.0,4.0,4.0,3.0,4.0,4.0,4.0,5.0,7.0,2.0,2.0,0.0,1,0
Humanitarian Aid,Poltava Region,2,4.8,4.8,4.4,4.6,4.8,4.8,4.6,4.5,4.5,4.5,4.5,4.5,4.5,5.0,5.0,4.5,4.5,5.0,5.0,4.5,4.5,4.5,4.5,4.5,4.0,4.5,4.5,5.0,4.5,4.5,4.5,4.5,5.0,4.0,4.5,6.5,1.5,1.0,0.0,4.8,4.8,4.4,4.6,4.8,4.8,4.6,4.5,4.5,4.5,4.5,4.5,4.5,5.0,5.0,4.5,4.5,5.0,5.0,4.5,4.5,4.5,4.5,4.5,4.0,4.5,4.5,5.0,4.5,4.5,4.5,4.5,5.0,4.0,4.5,6.5,1.5,1.0,0.0,1,0
Interregional Specialists,URCS HQ,7,3.4,3.9,4.2,4.0,3.8,4.0,4.0,3.9,4.1,3.1,4.4,4.0,3.7,4.3,4.0,4.0,4.3,4.1,3.9,3.4,4.3,4.3,4.1,4.4,3.9,4.1,4.0,4.0,4.0,3.9,3.4,4.0,3.1,3.0,4.7,4.9,4.4,2.6,0.0,3.2,3.9,3.8,4.0,3.7,4.0,4.0,3.5,4.0,3.0,4.0,4.0,4.0,4.0,4.0,4.0,4.0,4.0,4.0,3.0,4.0,4.0,4.0,4.0,4.0,4.0,4.0,4.0,4.0,4.0,3.0,4.0,3.0,3.0,5.0,5.0,4.0,3.0,0.0,0,1
Irshava_District_Volonteers,Zakarpattya Region,8,4.2,4.4,4.2,4.5,4.4,4.5,4.2,4.2,4.4,4.1,4.2,4.5,4.2,4.6,4.4,4.6,4.6,4.4,4.4,4.4,4.2,4.2,3.9,4.5,4.0,4.2,4.4,4.1,4.2,4.8,2.9,4.0,3.9,4.2,4.5,5.8,2.5,2.1,0.0,3.8,4.5,4.1,4.5,4.3,4.5,4.0,4.4,4.5,4.5,4.2,4.5,4.0,5.0,4.0,5.0,5.0,4.0,4.5,4.5,4.0,4.0,4.0,4.5,4.0,4.0,4.0,4.0,4.0,5.0,3.0,4.0,4.0,5.0,4.5,5.0,3.0,2.0,0.0,1,0
Ivano- Frankivsk Regional| home based care,Ivano-Frankivsk Region,5,3.2,3.7,3.8,3.5,3.6,4.2,3.7,3.7,4.1,2.8,4.3,3.8,3.2,3.4,4.2,4.2,4.4,3.6,3.8,3.4,3.8,4.0,3.2,4.2,3.8,3.4,3.8,3.8,3.8,4.0,3.2,4.0,2.8,2.8,4.6,4.0,3.8,3.2,0.0,3.2,3.5,4.0,3.3,3.7,4.0,4.0,3.8,4.0,3.0,4.5,4.0,3.0,4.0,4.0,4.0,4.0,4.0,4.0,3.0,4.0,4.0,3.0,4.0,4.0,4.0,4.0,4.0,4.0,4.0,3.0,4.0,3.0,3.0,5.0,4.0,4.0,3.0,0.0,0,1
Ivano-Frankivsk Regional ERT joint|staff|volunteers,Ivano-Frankivsk Region,5,3.7,4.0,4.1,3.9,3.8,4.3,3.8,4.3,4.1,4.6,4.2,3.6,4.2,3.8,4.6,4.0,4.4,4.0,3.4,4.0,4.0,4.4,4.2,4.4,3.4,3.8,3.8,3.8,3.8,3.6,2.6,4.0,4.6,4.6,4.4,4.8,3.2,2.4,0.0,3.7,3.8,4.0,4.0,3.7,4.5,3.0,4.2,3.5,5.0,4.0,4.0,4.0,4.0,5.0,4.0,4.0,4.0,3.0,4.0,4.0,4.0,4.0,4.0,3.0,3.0,3.0,3.0,3.0,4.0,3.0,4.0,5.0,5.0,4.0,5.0,3.0,3.0,0.0,0,1
Ivano-Frankivsk Regional PSS,Ivano-Frankivsk Region,4,4.2,4.3,4.4,4.2,4.4,4.2,4.4,4.1,4.6,3.1,4.5,4.2,4.0,4.5,4.2,4.2,4.8,4.8,4.5,4.0,4.2,4.5,4.2,4.5,4.2,4.5,4.2,4.2,4.5,4.5,2.5,4.2,3.0,3.2,4.8,5.8,2.5,1.8,0.0,4.2,4.3,4.5,4.2,4.4,4.0,4.4,4.0,4.8,2.8,4.5,4.0,4.0,4.5,4.0,4.0,5.0,5.0,4.5,4.0,4.0,4.5,4.5,4.5,4.5,4.5,4.0,4.5,4.5,4.5,2.5,4.0,2.5,3.0,5.0,6.0,2.5,2.0,0.0,0,1
Ivano-Frankivsk Regional Staff,Ivano-Frankivsk Region,8,3.3,3.8,3.8,3.8,3.4,4.2,3.0,3.8,4.0,3.6,3.8,4.0,3.8,3.5,4.2,4.2,4.4,3.8,3.5,3.1,3.8,3.4,3.9,4.1,3.6,3.1,2.9,3.1,3.6,3.9,3.5,3.8,3.8,3.5,3.9,4.6,4.4,3.0,0.0,3.4,4.1,3.9,3.8,3.8,4.0,3.0,4.0,4.0,4.0,4.0,4.0,4.0,3.5,4.0,4.0,5.0,3.5,4.0,3.5,4.0,3.5,4.0,4.5,3.5,3.0,3.0,3.0,4.0,4.0,3.0,4.0,4.0,4.0,4.0,4.5,3.5,3.0,0.0,0,1
Ivano-Frankivsk city  joint|staff|volunteers,Ivano-Frankivsk Region,6,4.1,4.4,4.1,4.6,4.4,4.2,3.6,3.9,4.4,3.3,4.0,4.3,4.3,5.0,4.2,4.3,4.7,4.5,4.3,4.5,4.7,4.3,3.3,4.2,4.2,3.5,3.7,3.7,4.2,4.8,3.2,3.7,3.0,3.7,4.3,5.5,2.7,1.8,0.0,4.3,4.4,4.3,4.5,4.5,4.2,4.0,4.0,4.5,3.2,4.2,4.0,4.0,5.0,4.0,4.0,5.0,5.0,4.5,4.5,5.0,4.5,3.0,4.0,4.0,4.0,4.0,4.0,4.0,5.0,3.0,4.0,3.0,4.0,4.5,5.5,2.5,1.5,0.0,0,1
Izmail_District_Volunteers,Odessa Region,6,4.2,4.1,4.2,4.2,4.0,4.2,4.0,3.9,3.8,4.0,4.1,4.2,4.3,4.0,4.2,4.3,3.8,4.2,3.8,4.2,4.5,4.2,4.2,4.0,4.2,4.0,4.0,4.2,3.7,4.2,2.7,3.8,4.0,4.0,4.3,5.5,2.3,1.7,0.0,4.0,4.0,4.1,4.2,4.0,4.0,4.0,3.8,3.8,4.0,4.0,4.5,4.5,4.0,4.0,4.0,4.0,4.0,4.0,4.0,4.5,4.0,4.0,4.0,4.0,4.0,4.0,4.0,3.5,4.0,3.0,4.0,4.0,4.0,4.0,5.5,3.0,1.0,0.0,1,0
Kalush district  joint|staff|volunteers,Ivano-Frankivsk Region,5,4.2,4.6,4.4,4.7,4.5,4.4,4.6,4.6,4.5,4.7,4.5,4.8,4.6,4.8,4.4,4.4,4.4,4.8,4.2,4.4,4.6,4.4,4.2,4.4,4.4,4.8,4.4,4.6,4.6,4.4,3.0,4.4,4.6,4.8,4.6,5.8,2.6,1.6,0.0,4.1,4.6,4.2,5.0,4.7,4.5,4.7,4.7,4.5,5.0,4.5,5.0,5.0,5.0,4.0,4.0,4.0,5.0,4.0,5.0,5.0,4.0,4.0,4.0,5.0,5.0,4.0,5.0,5.0,5.0,3.0,5.0,5.0,5.0,5.0,6.0,3.0,2.0,0.0,0,1
Kamianets_Podilskyi_City_JointStaffVolunteers,Khmelnytskyi Region,24,4.2,4.3,4.2,4.3,4.4,4.2,4.3,4.3,4.4,4.1,4.3,4.4,4.2,4.4,4.2,4.2,4.5,4.6,4.2,4.4,4.4,4.4,4.1,4.2,4.1,4.3,4.2,4.5,4.2,4.8,2.6,4.2,4.1,4.2,4.3,5.7,2.7,1.6,0.0,4.1,4.5,4.2,4.3,4.7,4.0,4.3,4.1,4.5,4.0,4.0,4.0,4.0,4.5,4.0,4.0,5.0,5.0,4.0,5.0,4.0,4.0,4.0,4.0,4.0,4.0,4.0,4.5,4.0,5.0,2.5,4.0,4.0,4.0,4.0,5.5,3.0,1.5,0.0,1,0
Kamianets_Podilskyi_District_JointStaffVolunteers,Khmelnytskyi Region,10,4.0,4.3,4.3,4.3,4.4,4.2,4.4,4.2,4.4,4.0,4.3,4.6,4.0,4.3,4.2,4.3,4.5,4.6,4.2,4.4,4.5,4.4,4.0,4.3,4.2,4.5,4.2,4.4,4.3,4.4,3.1,4.3,4.1,3.9,4.3,5.8,3.3,2.3,0.0,3.9,4.4,4.3,4.3,4.3,4.0,4.3,4.0,4.2,4.0,4.2,5.0,4.0,4.0,4.0,4.0,4.5,5.0,4.0,4.0,4.5,4.0,4.0,4.0,4.0,4.5,4.0,4.0,4.0,4.0,3.0,4.0,4.0,4.0,4.0,5.5,3.0,2.0,0.0,1,0
Kamin`-Kashyrskyi_District_Volunteers,Volyn Region,12,3.9,4.2,4.3,4.2,4.3,4.0,4.4,4.3,4.3,4.2,4.2,4.3,4.0,4.2,4.0,4.1,4.7,4.5,4.2,4.2,4.4,4.3,4.2,4.2,4.3,4.7,4.2,4.3,3.9,4.2,2.9,4.2,4.1,4.3,4.3,5.6,3.6,1.8,0.0,4.0,4.1,4.3,4.0,4.2,4.0,4.3,4.2,4.5,4.0,4.2,4.0,4.0,4.0,4.0,4.0,5.0,4.5,4.0,4.0,4.0,4.0,4.0,4.0,4.0,5.0,4.0,4.0,4.0,4.0,3.0,4.0,4.0,4.0,4.0,5.5,3.5,2.0,0.0,1,0
Kherson_ Regional_JointStaffVolunteers,Kherson Region,32,3.8,4.1,4.2,4.1,4.1,4.3,4.0,4.0,4.1,3.8,4.2,4.1,4.1,4.1,4.3,4.2,4.2,4.2,4.0,4.0,4.2,4.2,4.4,4.1,4.0,4.3,4.0,3.8,3.9,4.3,3.1,3.9,3.8,3.8,4.5,5.4,3.6,2.1,1.0,4.0,4.1,4.2,4.0,4.0,4.2,4.0,4.0,4.0,4.0,4.2,4.0,4.0,4.0,4.0,4.0,4.0,4.0,4.0,4.0,4.0,4.0,5.0,4.0,4.0,4.0,4.0,4.0,4.0,4.0,3.0,4.0,4.0,4.0,5.0,5.5,3.0,2.0,1.0,0,1
Khmelnytskyi_District_JointStaffVolunteers,Khmelnytskyi Region,17,4.0,4.0,4.0,4.2,3.8,4.1,3.5,4.0,4.3,3.5,4.1,4.3,4.1,4.2,4.0,4.2,4.5,4.0,3.8,3.7,3.9,4.0,3.9,4.0,3.9,3.5,3.3,3.5,4.2,4.1,3.0,3.9,3.4,3.6,4.4,5.2,2.5,2.1,0.0,4.1,4.0,3.8,4.0,4.0,4.0,3.7,4.0,4.5,3.5,4.0,4.0,4.0,4.0,4.0,4.0,5.0,4.0,4.0,4.0,4.0,4.0,4.0,4.0,4.0,4.0,3.0,4.0,4.0,4.0,3.0,4.0,3.0,4.0,4.0,5.0,3.0,2.0,0.0,1,0
Khmelnytskyi_Regional_Staff,Khmelnytskyi Region,11,3.5,3.9,4.2,4.0,3.8,4.0,3.6,3.9,4.0,3.6,4.0,4.1,3.9,3.9,3.9,4.2,4.5,3.9,4.1,3.3,4.1,4.4,4.4,4.5,3.6,3.6,3.5,3.8,3.6,3.8,3.1,4.0,3.6,3.6,4.1,4.7,3.8,2.7,0.0,3.5,3.9,4.2,4.0,3.7,4.0,3.7,4.0,4.0,4.0,4.0,4.0,4.0,4.0,4.0,4.0,4.0,4.0,4.0,3.0,4.0,5.0,4.0,5.0,4.0,4.0,3.0,4.0,4.0,4.0,3.0,4.0,4.0,4.0,4.0,5.0,4.0,3.0,0.0,0,1
Khmilnyk_District_JointStaffVolunteers,Vinnitsa Region,11,4.2,4.1,4.1,4.2,4.1,4.0,4.2,4.0,4.1,3.8,4.0,4.1,4.0,4.4,4.1,3.9,4.2,4.4,4.0,4.1,4.3,4.3,4.0,3.9,4.1,4.3,4.1,4.4,4.1,4.3,3.2,3.9,3.8,3.8,4.2,5.7,2.5,1.9,0.0,3.9,4.0,4.0,4.0,4.0,4.0,4.0,3.8,4.0,4.0,4.0,4.0,4.0,4.0,4.0,4.0,4.0,4.0,4.0,4.0,4.0,4.0,4.0,4.0,4.0,4.0,4.0,4.0,4.0,4.0,3.0,4.0,4.0,4.0,4.0,5.0,3.0,2.0,0.0,1,0
Khust_District_Volonteers,Zakarpattya Region,10,3.4,4.1,4.0,3.9,4.2,4.4,4.0,3.8,4.0,3.4,4.0,3.7,3.8,4.1,4.4,4.3,4.5,4.2,4.2,4.2,4.0,4.4,3.8,4.1,3.8,4.1,3.9,3.9,3.6,4.5,3.0,3.7,3.1,3.6,4.3,4.8,4.1,2.8,0.0,3.8,4.1,4.2,4.0,4.3,4.2,4.3,4.0,4.0,3.5,4.0,4.0,4.0,4.0,4.0,4.0,4.5,4.0,4.0,4.5,4.0,4.5,4.5,4.0,4.0,5.0,4.0,4.0,3.5,4.5,3.0,4.0,3.0,4.0,4.0,5.0,4.0,2.5,0.0,1,0
Kirovohrad_ PSS_Volunteers,Kropyvnytskyi Region,6,3.8,4.2,4.2,4.2,4.2,4.1,4.1,3.8,4.2,3.2,3.8,4.5,4.0,4.2,4.2,4.0,4.7,4.0,4.3,4.3,4.3,3.8,4.0,4.3,4.3,4.0,4.0,4.2,3.8,4.3,3.0,3.5,3.2,3.3,4.2,5.0,3.0,2.5,0.0,3.6,4.1,4.3,4.2,4.2,4.0,4.0,3.9,4.2,3.2,4.0,4.5,4.0,4.0,4.0,4.0,5.0,4.0,4.0,4.5,4.5,3.5,4.5,4.0,4.0,4.0,4.0,4.0,4.0,4.0,3.0,4.0,3.5,3.5,4.0,5.0,3.0,3.0,0.0,1,0
Kirovohrad_ Regional_Staff,Kropyvnytskyi Region,17,4.0,4.3,4.4,4.3,4.3,4.4,4.0,4.3,4.4,4.1,4.3,4.4,4.2,4.4,4.4,4.4,4.6,4.5,4.3,4.2,4.6,4.5,4.6,4.2,4.2,4.2,3.8,3.9,4.2,4.5,2.6,4.2,4.0,4.2,4.4,5.6,3.2,1.6,0.0,4.1,4.5,4.4,4.3,4.0,4.5,4.0,4.3,4.5,4.0,4.5,5.0,4.0,4.0,4.0,4.0,5.0,4.0,4.0,4.0,5.0,5.0,5.0,4.0,4.0,4.0,4.0,4.0,4.0,5.0,3.0,4.0,4.0,4.0,4.0,6.0,3.0,1.0,0.0,0,1
Kirovohrad_ Regional__Home-BasedCare_Volunteers,Kropyvnytskyi Region,64,4.3,4.3,4.3,4.3,4.3,4.4,4.3,4.3,4.3,4.1,4.4,4.4,4.2,4.3,4.5,4.3,4.6,4.4,4.3,4.1,4.4,4.3,4.4,4.2,4.4,4.5,4.2,4.2,4.1,4.6,3.0,4.4,4.2,4.1,4.4,5.8,2.6,1.5,0.0,4.3,4.2,4.4,4.3,4.3,4.5,4.3,4.2,4.5,4.0,4.5,4.0,4.0,4.0,4.0,4.0,5.0,4.0,4.0,4.0,4.0,4.0,4.0,4.0,4.0,5.0,4.0,4.0,4.0,5.0,3.0,4.0,4.0,4.0,4.0,6.0,3.0,1.0,0.0,1,0
Kolomyya district joint|staff|volunteers,Ivano-Frankivsk Region,7,3.9,4.2,4.6,4.1,4.1,4.4,4.1,4.1,4.2,3.7,4.4,4.0,3.9,4.4,4.3,4.6,4.6,4.6,3.6,4.1,4.6,4.6,4.4,4.9,4.4,4.3,4.1,3.9,3.9,4.4,2.7,4.3,3.7,3.7,4.6,5.6,2.9,2.6,0.0,4.3,4.1,4.8,4.0,4.0,5.0,4.3,3.8,4.0,4.0,4.5,4.0,4.0,4.0,5.0,5.0,5.0,5.0,4.0,4.0,5.0,5.0,5.0,5.0,4.0,5.0,4.0,4.0,4.0,5.0,3.0,4.0,4.0,4.0,5.0,5.0,2.0,2.0,0.0,0,1
Komunarska_ City_Volunteers,Zaporizhya Region,7,3.9,4.4,4.6,4.3,4.4,4.3,4.5,4.5,4.5,4.7,4.4,4.6,4.1,4.3,4.3,4.3,4.7,4.4,4.3,4.4,4.7,4.6,4.9,4.6,4.1,4.6,4.4,4.4,4.3,4.6,3.4,4.1,4.7,4.7,4.6,5.1,3.1,2.0,1.0,3.9,4.4,4.6,4.7,4.3,4.5,4.3,4.5,4.5,5.0,4.0,5.0,4.0,5.0,4.0,4.0,5.0,5.0,4.0,5.0,5.0,5.0,5.0,5.0,4.0,5.0,4.0,4.0,4.0,5.0,3.0,4.0,5.0,5.0,5.0,5.0,3.0,2.0,1.0,1,0
Konotop_City_Volunteers,Sumy Region,29,4.3,4.0,4.1,4.2,3.8,4.1,4.0,3.9,4.1,3.6,4.1,4.2,4.1,4.3,4.1,4.0,4.2,4.1,3.7,3.7,4.1,4.2,4.1,4.2,4.1,4.2,3.8,4.0,3.9,4.1,2.9,4.0,3.7,3.6,4.1,5.5,2.2,1.5,0.0,4.3,4.0,4.0,4.0,4.0,4.0,4.0,4.0,4.0,4.0,4.0,4.0,4.0,4.0,4.0,4.0,4.0,4.0,4.0,4.0,4.0,4.0,4.0,4.0,4.0,4.0,4.0,4.0,4.0,4.0,3.0,4.0,4.0,4.0,4.0,5.0,2.0,1.0,0.0,1,0
Korabelna_District_JointStaffVolunteers,Kherson Region,13,4.3,4.4,4.5,4.4,4.5,4.3,4.0,4.3,4.3,4.1,4.6,4.2,4.4,4.5,4.5,4.2,4.5,4.5,4.5,4.5,4.6,4.8,4.5,4.5,4.0,3.8,4.1,4.0,4.2,4.7,2.7,4.6,4.1,4.1,4.5,5.7,2.4,1.2,1.0,4.3,4.4,4.4,4.7,4.7,4.0,3.7,4.3,4.5,4.0,4.5,4.0,4.0,4.0,4.0,4.0,4.0,4.0,5.0,5.0,5.0,5.0,4.0,4.0,4.0,4.0,4.0,4.0,4.0,5.0,2.0,5.0,4.0,4.0,5.0,6.0,3.0,1.0,1.0,1,0
Koretc_City_Volunteers,Rivne Region,9,3.8,4.2,4.2,4.3,4.1,4.2,4.3,4.2,4.4,3.9,4.1,4.3,4.2,4.4,4.3,4.1,4.6,4.3,4.0,4.1,4.4,4.2,4.0,4.2,4.2,4.4,4.3,4.1,4.3,4.3,3.1,3.9,3.9,4.0,4.2,5.6,3.4,2.4,0.0,3.9,4.1,4.2,4.3,4.0,4.0,4.3,4.2,4.5,4.0,4.0,4.0,4.0,4.0,4.0,4.0,5.0,4.0,4.0,4.0,4.0,4.0,4.0,4.0,4.0,4.0,4.0,4.0,4.0,4.0,3.0,4.0,4.0,4.0,4.0,5.0,3.0,2.0,0.0,1,0
Korop_District_Volunteers,Chernihiv Region,11,4.5,4.6,4.6,4.7,4.5,4.5,4.5,4.6,4.7,4.5,4.5,4.7,4.7,4.7,4.5,4.5,4.7,4.5,4.6,4.4,4.6,4.5,4.6,4.5,4.5,4.7,4.3,4.5,4.6,4.8,2.3,4.5,4.5,4.5,4.5,6.0,2.2,1.1,0.0,4.6,4.9,4.8,5.0,5.0,4.5,4.3,4.8,5.0,5.0,5.0,5.0,5.0,5.0,4.0,5.0,5.0,5.0,5.0,5.0,5.0,5.0,5.0,5.0,5.0,5.0,4.0,5.0,5.0,5.0,2.0,5.0,5.0,5.0,5.0,7.0,2.0,1.0,0.0,1,0
Korosten_City_JointStaffVolunteers,Zytomyr Region,3,4.2,4.4,4.3,4.2,4.6,4.3,3.8,4.5,4.8,4.2,4.7,4.3,4.0,4.3,4.7,4.0,5.0,4.7,4.7,4.3,4.7,4.7,4.0,4.0,4.0,4.0,3.7,3.7,4.7,5.0,3.7,4.7,4.0,4.3,4.7,5.7,2.7,1.7,0.0,4.6,4.5,4.0,4.3,4.7,4.5,4.0,4.5,5.0,4.0,4.5,4.0,4.0,4.0,5.0,4.0,5.0,5.0,5.0,4.0,5.0,5.0,4.0,4.0,4.0,4.0,4.0,4.0,5.0,5.0,3.0,5.0,4.0,4.0,5.0,6.0,3.0,1.0,0.0,1,0
Koryukivka_District_Volunteers,Chernihiv Region,34,4.4,4.5,4.5,4.6,4.6,4.3,4.5,4.4,4.5,4.3,4.4,4.6,4.5,4.6,4.4,4.3,4.7,4.7,4.4,4.6,4.5,4.7,4.4,4.4,4.3,4.6,4.3,4.5,4.4,4.6,2.6,4.5,4.3,4.3,4.4,5.9,2.5,1.4,0.0,4.3,4.6,4.6,4.7,4.7,4.0,4.7,4.4,4.5,4.0,4.5,5.0,5.0,5.0,4.0,4.0,5.0,5.0,4.0,5.0,5.0,5.0,5.0,4.0,4.0,5.0,4.0,5.0,4.0,5.0,3.0,4.5,4.0,4.0,4.0,6.0,3.0,1.0,0.0,1,0
Kosiv district joint|staff|volunteers,Ivano-Frankivsk Region,5,4.4,4.6,4.7,4.7,4.6,4.4,5.0,4.5,4.6,4.3,4.5,4.8,4.4,4.8,4.6,4.2,4.8,4.6,4.6,4.6,4.8,4.6,4.8,4.6,4.8,5.0,5.0,5.0,4.4,4.4,3.2,4.4,4.0,4.6,4.6,6.4,2.4,1.8,0.0,4.3,4.5,4.8,4.7,4.7,4.0,5.0,4.5,4.5,4.5,4.5,5.0,5.0,5.0,5.0,4.0,5.0,5.0,5.0,5.0,5.0,5.0,5.0,5.0,5.0,5.0,5.0,5.0,4.0,4.0,3.0,4.0,4.0,5.0,5.0,6.0,3.0,2.0,0.0,0,1
Kostyantynivka_District_Joint_Staff_Volunteers,Donetsk Region,2,3.8,4.8,4.5,5.0,5.0,4.0,4.8,4.3,4.8,3.8,4.5,5.0,5.0,5.0,4.0,4.0,5.0,5.0,5.0,5.0,4.5,5.0,4.5,4.0,4.5,5.0,4.5,5.0,4.5,5.0,2.5,4.5,4.0,3.5,4.5,5.5,3.5,2.0,1.0,3.8,4.8,4.5,5.0,5.0,4.0,4.8,4.3,4.8,3.8,4.5,5.0,5.0,5.0,4.0,4.0,5.0,5.0,5.0,5.0,4.5,5.0,4.5,4.0,4.5,5.0,4.5,5.0,4.5,5.0,2.5,4.5,4.0,3.5,4.5,5.5,3.5,2.0,1.0,1,0
Kovel_District_Volunteers,Volyn Region,13,4.0,4.3,4.3,4.3,4.4,4.1,4.3,4.3,4.3,4.4,4.3,4.4,4.2,4.4,4.1,4.2,4.3,4.5,4.2,4.5,4.4,4.4,3.8,4.5,4.2,4.5,4.2,4.3,4.2,4.6,3.8,4.3,4.3,4.5,4.3,5.8,3.2,2.2,0.0,4.1,4.2,4.2,4.3,4.3,4.0,4.3,4.3,4.0,4.5,4.0,4.0,4.0,4.0,4.0,4.0,4.0,5.0,4.0,5.0,4.0,4.0,4.0,5.0,4.0,4.0,4.0,4.0,4.0,5.0,4.0,4.0,4.0,5.0,4.0,6.0,3.0,2.0,0.0,1,0
Kramatorsk_City_Joint_Staff_Volunteers,Donetsk Region,20,4.0,4.1,4.3,4.1,4.1,4.2,4.2,4.0,4.2,3.6,4.2,4.1,4.2,4.1,4.3,4.0,4.4,4.2,3.8,4.2,4.4,4.6,4.0,4.4,4.0,4.4,4.0,4.2,4.0,4.6,2.5,4.2,3.5,3.6,4.4,5.2,3.0,1.6,1.0,4.1,4.0,4.2,4.0,4.0,4.0,4.0,3.9,4.0,3.2,4.0,4.0,4.0,4.0,4.0,4.0,4.5,4.0,4.0,4.0,4.0,5.0,4.0,4.0,4.0,4.0,4.0,4.0,4.0,5.0,2.5,4.0,3.5,3.5,4.0,5.0,3.0,1.0,1.0,1,0
Kremenchuk Local Organization,Poltava Region,21,4.3,4.4,4.5,4.5,4.3,4.5,4.4,4.3,4.4,4.2,4.4,4.6,4.4,4.5,4.6,4.5,4.7,4.5,4.3,4.2,4.6,4.5,4.6,4.3,4.4,4.4,4.3,4.4,4.1,4.4,3.0,4.2,4.1,4.3,4.5,6.0,2.3,1.7,0.0,4.3,4.5,4.6,4.7,4.3,4.5,4.3,4.5,4.5,4.0,4.5,5.0,4.0,5.0,5.0,5.0,5.0,5.0,4.0,4.0,5.0,5.0,5.0,4.0,4.0,4.0,4.0,4.0,4.0,4.0,3.0,4.0,4.0,4.0,5.0,6.0,2.0,1.0,0.0,1,0
Kremenets_District_JoinStaffVolonteers,Ternopil Region,14,3.6,4.1,3.9,3.9,4.1,4.3,4.2,4.1,4.3,3.7,4.2,3.7,4.1,3.9,4.2,4.4,4.4,4.2,4.0,4.1,4.1,4.2,3.6,3.9,3.8,4.1,4.1,4.4,4.2,4.5,2.7,4.1,3.7,3.7,4.2,5.1,3.6,2.9,0.0,3.4,4.0,3.9,4.0,4.0,4.0,4.0,4.0,4.0,4.0,4.0,4.0,4.0,4.0,4.0,4.0,4.0,4.0,4.0,4.0,4.0,4.0,4.0,4.0,4.0,4.0,4.0,4.0,4.0,4.5,3.0,4.0,4.0,4.0,4.0,5.0,3.5,3.0,0.0,1,0
Kropyvnytskyi_  District_Volunteers,Kropyvnytskyi Region,24,4.2,4.3,4.2,4.4,4.3,4.4,4.2,4.0,4.3,3.8,4.0,4.5,4.2,4.5,4.4,4.4,4.3,4.3,4.3,4.1,4.2,4.3,4.0,4.2,4.0,4.2,4.2,4.2,4.2,4.3,2.8,3.8,3.6,3.9,4.3,5.7,2.4,2.0,0.0,4.1,4.2,4.0,4.3,4.0,4.2,4.2,4.0,4.0,4.0,4.0,4.0,4.0,4.5,4.0,4.0,4.0,4.0,4.0,4.0,4.0,4.0,4.0,4.0,4.0,4.0,4.0,4.0,4.0,4.0,3.0,4.0,4.0,4.0,4.0,5.5,2.0,1.5,0.0,1,0
Kryvyi Rih_District_ERT_Volunteers,Dnipro Region,6,3.4,3.8,3.6,4.0,3.6,4.0,3.7,3.7,4.2,3.1,3.9,4.0,3.7,4.3,3.8,4.2,4.5,3.7,3.7,3.3,3.2,3.7,3.8,4.0,3.5,3.7,3.7,3.8,4.0,3.8,3.3,3.8,3.0,3.2,4.0,5.0,4.3,2.7,1.0,3.6,4.0,3.6,4.2,3.5,4.0,3.6,3.8,4.2,3.0,4.2,4.0,3.5,4.5,4.0,4.0,4.5,3.5,4.0,3.0,3.5,3.5,4.0,4.0,3.0,3.5,3.5,4.0,4.0,4.0,3.0,4.0,3.0,3.0,4.0,5.0,4.0,2.5,1.0,1,0
Kurakhovo_District_Joint_Staff_Volunteers,Donetsk Region,12,4.1,4.4,4.4,4.4,4.5,4.4,4.5,4.3,4.4,4.0,4.5,4.4,4.2,4.7,4.5,4.2,4.6,4.5,4.5,4.5,4.4,4.6,4.3,4.4,4.2,4.8,4.2,4.5,4.2,4.8,2.4,4.5,4.0,3.9,4.4,5.4,2.7,1.7,1.0,3.9,4.4,4.5,4.3,4.5,4.2,4.5,4.2,4.5,4.0,4.5,4.0,4.0,5.0,4.5,4.0,5.0,4.5,4.5,4.5,4.0,5.0,4.0,4.0,4.0,5.0,4.0,4.5,4.0,5.0,3.0,4.5,4.0,4.0,4.0,5.0,3.0,2.0,1.0,1,0
Kushugum_Region_Volunteers,Zaporizhya Region,9,4.6,5.0,4.9,5.0,4.9,5.0,4.9,4.9,5.0,4.7,5.0,5.0,5.0,5.0,5.0,5.0,5.0,4.9,4.9,4.9,4.9,5.0,5.0,4.7,4.8,5.0,4.8,4.8,5.0,4.9,2.4,5.0,4.8,4.7,5.0,6.2,2.0,1.1,1.0,4.8,5.0,5.0,5.0,5.0,5.0,5.0,5.0,5.0,5.0,5.0,5.0,5.0,5.0,5.0,5.0,5.0,5.0,5.0,5.0,5.0,5.0,5.0,5.0,5.0,5.0,5.0,5.0,5.0,5.0,2.0,5.0,5.0,5.0,5.0,7.0,1.0,1.0,1.0,1,0
Kyiv-Svyastoshynska_District_Volunteers,Kyiv Region,16,4.2,4.2,4.2,4.3,4.1,4.3,4.0,4.1,4.2,3.9,4.3,4.2,4.4,4.2,4.2,4.3,4.4,4.2,3.9,4.1,4.2,4.2,4.2,4.2,4.0,4.2,3.8,4.0,3.9,4.5,3.2,4.3,4.1,3.7,4.4,5.9,2.6,1.7,0.0,4.2,4.0,4.1,4.3,4.0,4.0,4.0,4.0,4.0,4.0,4.2,4.0,4.0,4.0,4.0,4.0,4.0,4.0,4.0,4.0,4.0,4.0,4.0,4.0,4.0,4.0,4.0,4.0,4.0,4.5,3.0,4.0,4.0,4.0,4.0,6.0,2.5,1.5,0.0,1,0
Kyiv_City_Staff,Kyiv city,6,4.0,4.3,4.3,4.0,4.6,4.2,4.3,4.0,4.2,3.6,4.2,4.2,3.5,4.3,4.2,4.3,4.0,4.5,4.7,4.7,4.2,4.8,4.2,4.7,3.8,4.7,4.0,4.2,4.3,4.3,2.7,4.0,3.5,3.7,4.3,5.7,3.2,2.0,0.0,3.9,4.3,4.4,4.0,5.0,4.0,4.5,4.0,4.2,4.0,4.2,4.0,3.5,4.5,4.0,4.0,4.0,5.0,5.0,5.0,4.0,5.0,4.0,5.0,4.0,5.0,4.0,4.5,4.5,4.0,3.0,4.0,4.0,4.0,4.0,5.5,3.0,2.0,0.0,0,1
Kyiv_City_Volunteers,Kyiv city,6,4.0,4.2,4.2,4.2,4.3,4.2,4.4,4.2,4.2,4.2,4.2,4.2,4.2,4.3,4.2,4.2,4.2,4.5,4.2,4.2,4.2,4.5,4.0,4.2,4.2,4.5,4.3,4.3,4.3,4.7,2.7,4.2,4.2,4.2,4.3,5.8,3.0,2.3,0.0,4.2,4.1,4.0,4.0,4.2,4.0,4.2,4.0,4.0,4.0,4.0,4.0,4.0,4.0,4.0,4.0,4.0,4.5,4.0,4.0,4.0,4.5,4.0,4.0,4.0,4.5,4.0,4.0,4.0,5.0,2.5,4.0,4.0,4.0,4.0,6.0,2.5,1.5,0.0,1,0
Kyiv_Darnytskyi District_JointStaffVolunteers,Kyiv city,11,4.3,4.5,4.4,4.5,4.5,4.4,4.4,4.3,4.4,4.1,4.4,4.6,4.5,4.4,4.6,4.2,4.6,4.6,4.4,4.5,4.4,4.5,4.4,4.5,4.3,4.6,4.4,4.4,4.2,4.5,3.2,4.3,4.2,4.0,4.5,5.9,2.5,1.4,0.0,4.3,4.5,4.4,4.3,4.7,4.5,4.3,4.3,4.5,4.0,4.0,5.0,5.0,4.0,5.0,4.0,5.0,5.0,4.0,5.0,4.0,4.0,4.0,5.0,4.0,5.0,4.0,4.0,4.0,5.0,3.0,4.0,4.0,4.0,4.0,6.0,3.0,1.0,0.0,1,0
Kyiv_Desnyanskyi District_JointStaffVolunteers,Kyiv city,12,4.1,4.1,4.2,4.1,4.2,4.2,4.3,4.1,4.2,3.8,4.2,4.2,3.9,4.1,4.3,4.1,4.2,4.4,3.9,4.2,4.2,4.2,4.4,4.2,4.0,4.3,4.1,4.3,4.1,4.4,3.4,4.1,3.9,3.8,4.3,5.3,2.9,1.5,0.0,4.2,4.0,4.2,4.0,4.0,4.0,4.2,3.9,4.0,4.0,4.0,4.0,4.0,4.0,4.5,4.0,4.0,4.0,4.0,4.0,4.0,4.5,4.5,4.0,4.0,4.5,4.0,4.0,4.0,4.5,3.0,4.0,4.0,4.0,4.5,5.0,3.0,1.0,0.0,1,0
Kyiv_Dniprovsky District_JointStaffVolunteers,Kyiv city,11,4.2,4.5,4.4,4.5,4.4,4.5,4.5,4.3,4.3,4.3,4.3,4.5,4.4,4.5,4.5,4.5,4.5,4.5,4.3,4.5,4.5,4.6,4.3,4.3,4.3,4.6,4.3,4.6,4.1,4.5,2.7,4.4,4.3,4.4,4.3,5.6,2.6,1.8,0.0,4.1,4.6,4.4,4.7,4.7,4.5,4.7,4.5,4.5,4.5,4.5,5.0,4.0,5.0,5.0,4.0,5.0,5.0,4.0,5.0,4.0,5.0,4.0,4.0,4.0,5.0,4.0,5.0,4.0,5.0,3.0,4.0,4.0,5.0,5.0,6.0,3.0,2.0,0.0,1,0
Kyiv_Holosiivskyi District_JointStaffVolunteers,Kyiv city,12,3.9,4.1,4.2,4.1,4.2,4.0,4.2,4.2,4.5,3.8,4.2,4.0,4.0,4.4,4.1,3.8,4.8,4.3,4.4,3.9,4.0,4.5,4.2,4.4,4.1,4.2,4.2,4.1,4.2,4.4,2.9,4.1,3.8,3.8,4.2,5.0,3.0,1.8,0.0,3.9,4.1,4.2,4.0,4.2,4.0,4.0,4.1,4.5,4.0,4.0,4.0,4.0,4.0,4.0,4.0,5.0,4.0,4.0,4.0,4.0,5.0,4.0,4.0,4.0,4.0,4.0,4.0,4.0,4.0,3.0,4.0,4.0,4.0,4.0,5.0,3.0,1.5,0.0,1,0
Kyiv_Obolonsky District_JointStaffVolunteers,Kyiv city,4,4.1,4.5,4.4,4.5,4.4,4.5,4.4,4.4,4.4,4.4,4.5,4.5,4.5,4.5,4.5,4.5,4.2,4.5,4.2,4.5,4.5,4.5,4.5,4.5,4.0,4.5,4.5,4.2,4.5,4.5,3.5,4.5,4.2,4.5,4.5,5.8,3.5,1.2,0.0,4.1,4.4,4.4,4.5,4.4,4.5,4.5,4.4,4.2,4.2,4.5,4.5,4.5,4.5,4.5,4.5,4.0,4.5,4.0,4.5,4.5,4.5,4.5,4.5,4.0,4.5,4.5,4.5,4.5,4.5,3.0,4.5,4.0,4.5,4.5,5.5,3.0,1.0,0.0,1,0
Kyiv_Pechersky District_JointStaffVolunteers,Kyiv city,8,4.2,4.2,4.0,4.3,4.4,3.9,4.2,4.2,4.3,3.9,4.2,4.4,4.0,4.4,3.8,4.0,4.2,4.8,4.1,4.2,3.9,4.0,4.4,3.9,3.9,4.2,4.1,4.2,4.4,4.5,3.1,4.1,4.0,3.8,4.4,5.8,2.4,1.9,0.0,4.4,4.1,4.0,4.4,4.3,4.0,4.0,4.2,4.2,4.0,4.0,4.5,4.0,4.5,4.0,4.0,4.0,5.0,4.0,4.0,4.0,4.0,4.0,4.0,4.0,4.0,4.0,4.0,4.0,4.5,3.0,4.0,4.0,4.0,4.0,5.5,2.5,1.5,0.0,1,0
Kyiv_Podolsky District_JointStaffVolunteers,Kyiv city,6,4.0,4.4,4.4,4.3,4.6,4.2,4.3,4.3,4.4,4.1,4.3,4.3,4.2,4.3,4.2,4.2,4.3,4.7,4.7,4.3,4.5,4.5,4.5,4.3,4.2,4.5,4.2,4.2,4.5,4.3,2.5,4.3,4.0,4.2,4.3,5.3,2.8,2.0,0.0,3.7,4.2,4.3,4.0,4.6,4.0,4.2,4.2,4.5,4.0,4.0,4.0,4.0,4.0,4.0,4.0,4.0,5.0,5.0,4.5,4.5,4.5,4.5,4.0,4.0,4.5,4.0,4.0,5.0,4.0,2.5,4.0,4.0,4.0,4.0,5.0,3.0,2.0,0.0,1,0
Kyiv_Regional_Volunteers,Kyiv Region,6,3.8,4.2,4.2,4.3,4.1,4.2,4.0,4.0,4.3,3.5,4.1,4.3,4.2,4.3,4.2,4.2,4.5,4.3,4.2,3.8,4.2,4.7,4.0,4.3,3.8,4.0,3.8,4.0,4.2,4.5,2.8,4.0,3.7,3.3,4.2,5.7,3.7,2.3,0.0,4.2,4.3,4.1,4.5,4.4,4.5,4.0,4.2,4.2,3.5,4.2,5.0,4.0,4.5,4.5,4.5,4.5,4.5,4.0,4.0,4.0,5.0,4.0,4.0,4.0,4.0,4.0,4.0,4.0,4.5,2.5,4.0,3.5,3.5,4.5,6.5,4.0,1.0,0.0,1,0
Kyiv_Shevchenkivskyi District_JointStaffVolunteers,Kyiv city,19,4.3,4.3,4.3,4.3,4.4,4.3,4.2,3.9,4.2,3.3,4.2,4.5,4.1,4.4,4.3,4.3,4.3,4.4,4.3,4.4,4.5,4.5,4.2,4.2,4.2,4.3,4.1,4.3,4.1,4.6,2.9,4.2,3.3,3.4,4.3,5.6,2.3,1.5,0.0,4.3,4.4,4.2,4.0,4.3,4.0,4.0,4.0,4.0,4.0,4.0,5.0,4.0,4.0,4.0,4.0,4.0,4.0,4.0,4.0,5.0,5.0,4.0,4.0,4.0,4.0,4.0,4.0,4.0,5.0,3.0,4.0,4.0,4.0,4.0,5.0,2.0,1.0,0.0,1,0
Kyiv_Solomianskyi District_JointStaffVolunteers,Kyiv city,5,3.8,4.4,4.6,4.4,4.3,4.6,4.6,4.3,4.4,4.0,4.4,4.4,4.4,4.2,4.6,4.6,4.6,4.6,4.0,4.2,4.6,4.6,4.6,4.8,4.4,4.8,4.4,4.6,4.2,4.6,3.8,4.4,4.0,4.0,4.4,5.4,4.0,1.6,0.0,3.9,4.4,4.6,4.7,4.3,5.0,4.7,4.5,4.5,4.0,4.5,4.0,5.0,4.0,5.0,5.0,5.0,5.0,4.0,4.0,5.0,5.0,5.0,5.0,4.0,5.0,4.0,5.0,4.0,5.0,4.0,5.0,4.0,4.0,4.0,6.0,4.0,1.0,0.0,1,0
Kyiv_Svyatoshinsky District_JointStaffVolunteers,Kyiv city,19,4.4,4.5,4.5,4.4,4.5,4.3,4.5,4.4,4.5,4.2,4.6,4.5,4.3,4.5,4.5,4.2,4.5,4.6,4.4,4.7,4.5,4.4,4.6,4.6,4.6,4.7,4.4,4.5,4.5,4.8,2.5,4.5,4.2,4.1,4.8,6.2,2.5,1.5,0.0,4.6,4.5,4.6,4.3,4.7,4.5,4.7,4.3,4.5,4.0,5.0,5.0,4.0,5.0,4.0,4.0,4.0,5.0,4.0,5.0,4.0,4.0,5.0,5.0,5.0,5.0,4.0,4.0,5.0,5.0,3.0,5.0,4.0,4.0,5.0,6.0,2.0,1.0,0.0,1,0
Kyivska_City_Volunteers,Odessa Region,5,4.5,4.6,4.6,4.5,4.7,4.5,4.4,4.6,4.7,4.5,4.6,4.8,4.4,4.2,4.6,4.4,4.8,4.8,4.8,4.6,4.8,4.6,4.8,4.4,4.4,4.6,4.0,4.6,4.6,4.6,2.4,4.6,4.2,4.8,4.6,5.8,2.0,1.0,0.0,4.6,4.6,4.6,4.3,5.0,4.5,4.7,4.8,5.0,4.5,5.0,5.0,4.0,4.0,5.0,4.0,5.0,5.0,5.0,5.0,5.0,5.0,5.0,5.0,4.0,5.0,4.0,5.0,5.0,5.0,3.0,5.0,4.0,5.0,5.0,6.0,2.0,1.0,0.0,1,0
LadyzhynHaisyn_District_JointStaffVolunteers,Vinnitsa Region,14,4.0,4.4,4.3,4.3,4.3,4.4,4.2,4.2,4.4,3.8,4.5,4.4,4.1,4.4,4.4,4.4,4.5,4.5,4.3,4.1,4.1,4.4,4.4,4.2,4.3,4.4,3.9,4.4,4.4,4.6,3.3,4.6,3.9,3.8,4.4,5.4,3.0,1.9,0.0,4.0,4.3,4.3,4.5,4.0,4.2,4.2,4.2,4.5,4.0,4.5,4.5,4.0,4.5,4.0,4.5,4.5,4.5,4.0,4.0,4.0,4.0,4.0,4.0,4.0,5.0,4.0,4.0,4.0,5.0,3.0,5.0,4.0,4.0,4.0,5.0,3.0,1.0,0.0,1,0
Lanivtsi_District_JoinStaffVolonteers,Ternopil Region,10,4.0,4.2,4.1,4.4,4.1,4.2,4.0,4.1,4.4,3.8,4.2,4.5,4.4,4.3,4.2,4.1,4.5,4.3,4.3,3.8,4.3,4.1,4.0,4.2,4.0,4.0,3.9,4.1,4.2,4.0,3.1,4.2,3.8,3.9,4.1,5.4,2.9,2.0,0.0,3.9,4.2,4.0,4.3,4.0,4.0,4.0,4.0,4.2,4.0,4.0,4.5,4.0,4.0,4.0,4.0,4.5,4.0,4.0,4.0,4.0,4.0,4.0,4.0,4.0,4.0,4.0,4.0,4.0,4.0,3.0,4.0,4.0,4.0,4.0,5.5,3.0,2.0,0.0,1,0
Liman_District_Joint_Staff_Volunteers,Donetsk Region,13,4.4,4.3,4.5,4.4,4.3,4.3,4.5,4.4,4.6,4.3,4.3,4.5,4.5,4.3,4.4,4.2,4.6,4.5,4.0,4.3,4.5,4.5,4.6,4.5,4.4,4.7,4.3,4.5,4.6,4.5,3.1,4.3,4.2,4.5,4.3,5.8,2.2,1.5,1.0,4.6,4.5,4.6,4.3,4.3,4.0,4.7,4.7,5.0,4.5,4.0,5.0,4.0,5.0,4.0,4.0,5.0,4.0,4.0,5.0,4.0,5.0,5.0,5.0,4.0,5.0,4.0,5.0,5.0,5.0,3.0,4.0,4.0,5.0,4.0,6.0,2.0,1.0,1.0,1,0
Local_ City_Volunteers,Zaporizhya Region,16,4.0,4.5,4.4,4.6,4.4,4.4,4.7,4.4,4.3,4.3,4.6,4.6,4.6,4.6,4.4,4.4,4.6,4.4,4.4,4.6,4.4,4.7,4.4,4.3,4.4,4.8,4.6,4.7,3.9,4.8,3.1,4.6,4.4,4.3,4.7,5.2,2.8,2.2,1.0,4.1,4.8,4.7,5.0,5.0,5.0,5.0,4.6,4.5,5.0,5.0,5.0,5.0,5.0,5.0,5.0,5.0,5.0,5.0,5.0,5.0,5.0,5.0,5.0,5.0,5.0,5.0,5.0,4.5,5.0,3.0,5.0,5.0,5.0,5.0,5.0,2.5,1.5,1.0,1,0
Lubny Local Organization,Poltava Region,3,4.9,4.4,4.7,4.0,4.6,4.8,4.3,4.6,4.8,4.3,4.8,4.0,4.0,4.0,4.7,5.0,4.7,4.3,4.7,4.7,4.7,5.0,5.0,4.7,4.3,4.3,4.3,4.3,5.0,5.0,3.7,5.0,4.3,4.3,4.7,7.0,1.3,1.0,0.0,5.0,4.5,4.8,4.0,4.7,5.0,4.7,4.8,5.0,4.5,5.0,4.0,4.0,4.0,5.0,5.0,5.0,4.0,5.0,5.0,5.0,5.0,5.0,5.0,4.0,5.0,4.0,5.0,5.0,5.0,4.0,5.0,5.0,4.0,5.0,7.0,1.0,1.0,0.0,1,0
Lutsk_City_Volunteers,Volyn Region,8,3.8,4.5,4.3,4.6,4.3,4.5,4.6,4.4,4.4,4.5,4.2,4.6,4.2,4.9,4.4,4.6,4.6,4.6,4.0,4.4,4.8,4.2,4.1,4.2,4.1,4.6,4.4,4.8,4.1,4.6,3.0,4.0,4.6,4.4,4.5,5.8,4.1,1.9,0.0,3.8,4.6,4.1,4.5,4.3,4.8,4.8,4.2,4.5,4.8,4.2,5.0,4.0,5.0,4.5,5.0,5.0,5.0,4.0,4.5,5.0,4.0,4.0,4.0,4.0,5.0,4.5,5.0,4.0,5.0,3.0,4.0,5.0,4.5,5.0,6.0,4.0,2.0,0.0,1,0
Lutsk_District_Volunteers,Volyn Region,9,4.2,4.2,4.3,4.2,4.3,4.1,4.4,4.1,4.3,3.9,4.2,4.3,4.0,4.3,4.2,4.0,4.2,4.4,4.2,4.3,4.2,4.3,4.3,4.3,4.3,4.4,4.3,4.4,4.3,4.3,2.9,4.1,4.0,3.8,4.2,5.6,2.7,1.7,0.0,4.3,4.0,4.2,4.0,4.0,4.0,4.0,4.0,4.0,4.0,4.0,4.0,4.0,4.0,4.0,4.0,4.0,4.0,4.0,4.0,4.0,4.0,4.0,4.0,4.0,4.0,4.0,4.0,4.0,4.0,3.0,4.0,4.0,4.0,4.0,6.0,3.0,1.0,0.0,1,0
Lviv City Staff Volunteers,Lviv Region,5,4.3,4.6,4.4,4.6,4.6,4.6,4.5,4.4,4.5,4.1,4.7,4.6,4.6,4.6,4.6,4.6,4.8,4.8,4.4,4.6,4.4,4.6,4.0,4.4,4.4,4.6,4.4,4.4,4.2,4.6,2.4,4.6,4.0,4.2,4.8,6.2,2.8,1.8,0.0,4.6,4.9,4.2,5.0,4.7,5.0,4.3,4.3,4.5,4.0,5.0,5.0,5.0,5.0,5.0,5.0,5.0,5.0,4.0,5.0,4.0,5.0,4.0,4.0,4.0,5.0,4.0,4.0,4.0,5.0,2.0,5.0,4.0,4.0,5.0,6.0,3.0,1.0,0.0,1,0
Lviv District Staff Volunteers,Lviv Region,4,4.3,4.3,4.3,4.4,4.3,4.2,4.2,4.3,4.6,4.0,4.2,4.2,4.8,4.2,4.2,4.2,4.5,4.5,4.0,4.2,4.2,4.5,4.5,4.5,3.8,4.5,4.0,4.2,4.8,4.5,2.5,3.8,4.0,4.0,4.8,6.2,2.5,1.8,0.0,4.2,4.4,4.3,4.5,4.4,4.0,4.2,4.5,5.0,4.0,4.2,4.5,5.0,4.0,4.0,4.0,5.0,4.5,4.0,4.0,4.0,4.5,4.5,4.5,4.0,4.5,4.0,4.0,5.0,4.5,2.5,4.0,4.0,4.0,5.0,6.0,3.0,1.5,0.0,1,0
Lviv Regional Staff,Lviv Region,8,3.6,4.2,4.3,4.3,4.2,4.2,3.8,4.0,4.4,3.2,4.2,4.4,4.1,4.2,4.4,4.1,4.4,4.1,4.1,4.2,4.1,4.5,4.4,4.4,4.0,3.8,3.6,3.9,4.4,4.5,2.9,4.0,3.2,3.2,4.5,4.8,3.8,2.2,0.0,3.7,4.2,4.0,4.4,4.0,4.0,3.8,4.1,4.2,3.2,4.0,4.5,4.0,4.5,4.0,4.0,4.0,4.0,4.0,4.0,4.0,4.5,4.0,4.0,4.0,4.0,3.5,4.0,4.0,4.5,3.0,4.0,3.5,3.0,4.5,5.0,3.5,2.0,0.0,0,1
Malinоvska_City_Volunteers,Odessa Region,5,4.2,4.3,4.2,4.5,4.3,4.3,4.5,4.3,4.3,4.1,4.5,4.6,4.2,4.6,4.4,4.2,4.4,4.2,4.4,4.4,4.2,4.4,4.2,4.2,4.2,4.6,4.2,4.6,4.2,4.8,3.4,4.4,4.0,4.2,4.6,6.4,3.6,1.6,0.0,3.9,4.2,4.0,4.3,4.0,4.0,4.7,4.2,4.0,4.0,4.5,5.0,4.0,5.0,4.0,4.0,4.0,4.0,4.0,4.0,4.0,4.0,4.0,4.0,4.0,5.0,4.0,5.0,4.0,5.0,3.0,4.0,4.0,4.0,5.0,7.0,3.0,1.0,0.0,1,0
Medical Staff,URCS HQ,1,3.4,3.4,4.2,2.0,4.3,4.0,3.7,4.3,4.0,4.5,4.5,2.0,2.0,2.0,4.0,4.0,4.0,5.0,4.0,4.0,4.0,5.0,4.0,4.0,4.0,4.0,3.0,4.0,4.0,5.0,4.0,4.0,4.0,5.0,5.0,6.0,4.0,4.0,0.0,3.4,3.4,4.2,2.0,4.3,4.0,3.7,4.3,4.0,4.5,4.5,2.0,2.0,2.0,4.0,4.0,4.0,5.0,4.0,4.0,4.0,5.0,4.0,4.0,4.0,4.0,3.0,4.0,4.0,5.0,4.0,4.0,4.0,5.0,5.0,6.0,4.0,4.0,0.0,1,0
Mirnohrad_City_Joint_Staff_Volunteers,Donetsk Region,20,3.9,4.0,4.1,4.0,3.9,4.2,3.6,4.0,4.2,3.4,4.2,4.1,4.2,3.9,4.3,4.0,4.5,4.0,3.8,3.7,4.2,4.2,4.3,4.0,3.8,3.6,3.6,3.6,3.8,4.1,3.2,4.2,3.4,3.5,4.3,5.4,3.4,2.1,1.0,3.9,4.0,4.0,4.0,4.0,4.0,4.0,4.0,4.0,4.0,4.0,4.0,4.0,4.0,4.0,4.0,5.0,4.0,4.0,4.0,4.0,4.0,4.0,4.0,4.0,4.0,4.0,4.0,4.0,4.0,3.0,4.0,4.0,4.0,4.0,5.5,3.0,2.0,1.0,1,0
Mohyliv-PodilskyiYampil_District_JointStaffVolunteers,Vinnitsa Region,9,4.4,4.3,4.2,4.4,4.1,4.4,4.5,4.2,4.2,4.2,4.2,4.4,4.3,4.4,4.3,4.4,4.2,4.2,4.1,4.0,4.4,4.2,4.2,4.1,4.1,4.6,4.2,4.7,4.2,4.6,2.8,4.0,4.2,4.2,4.4,5.7,2.2,1.3,0.0,4.3,4.2,4.2,4.0,4.0,4.5,4.3,4.3,4.0,4.0,4.0,4.0,4.0,4.0,4.0,5.0,4.0,4.0,4.0,4.0,4.0,4.0,4.0,4.0,4.0,5.0,4.0,5.0,4.0,5.0,3.0,4.0,4.0,4.0,5.0,5.0,2.0,1.0,0.0,1,0
Mukachevo_City_Volonteers,Zakarpattya Region,5,3.8,4.0,4.2,4.0,4.1,3.9,4.5,3.8,4.3,2.9,4.2,4.2,3.8,4.0,4.0,3.8,4.4,4.2,4.0,4.0,3.8,4.4,4.0,4.6,4.0,4.6,4.4,4.6,4.2,4.8,3.2,4.0,2.8,3.0,4.4,5.4,3.6,2.2,0.0,3.7,3.9,4.0,4.0,4.0,4.0,4.7,3.8,4.5,3.0,4.0,4.0,4.0,4.0,4.0,4.0,4.0,4.0,4.0,4.0,4.0,4.0,4.0,5.0,4.0,5.0,4.0,5.0,4.0,5.0,3.0,4.0,3.0,3.0,4.0,5.0,4.0,2.0,0.0,1,0
Mukachevo_District_Volonteers,Zakarpattya Region,4,3.6,4.4,4.3,4.2,4.6,4.4,4.1,4.0,4.2,4.0,3.9,4.2,4.2,4.2,4.5,4.2,4.2,4.8,4.2,4.8,4.5,4.2,4.2,4.5,4.0,4.2,4.0,4.0,4.2,4.5,2.5,3.8,3.8,4.2,4.0,4.5,3.2,2.5,0.0,3.6,4.2,4.1,4.0,4.7,4.2,3.8,3.8,4.2,3.8,4.0,4.0,4.0,4.0,4.5,4.0,4.5,5.0,4.0,5.0,5.0,4.5,4.0,4.5,4.0,4.0,4.0,4.0,4.0,4.5,2.5,4.0,3.5,4.0,4.0,4.5,3.0,2.5,0.0,1,0
Mykolaiv District Staff Volunteers,Lviv Region,4,4.0,4.0,4.2,4.0,4.3,3.8,4.3,4.2,4.4,3.9,4.2,3.8,4.0,4.2,3.8,3.8,4.8,4.5,4.5,4.0,4.5,4.2,4.0,4.0,4.0,4.5,4.2,4.2,4.0,4.8,2.5,4.0,3.8,4.0,4.5,5.2,2.5,2.5,0.0,4.1,4.0,4.1,4.0,4.2,3.8,4.2,4.1,4.2,4.0,4.2,4.0,4.0,4.0,4.0,4.0,5.0,4.5,4.5,4.0,4.5,4.0,4.0,4.0,4.0,4.5,4.0,4.0,4.0,5.0,2.5,4.0,4.0,4.0,4.5,5.0,2.0,2.0,0.0,1,0
Mykolaiv_District_PSS_Staff,Mykolaiv Region,9,3.7,4.1,4.3,3.9,4.4,4.1,4.0,4.1,4.5,3.7,4.0,4.3,3.7,3.8,4.0,4.1,4.8,4.7,4.4,4.1,4.1,4.3,4.3,4.4,4.3,4.2,3.8,4.0,4.2,4.3,2.9,3.4,3.8,3.7,4.6,5.4,3.8,2.6,0.0,3.7,4.1,4.2,4.0,4.3,4.0,4.0,4.0,4.5,4.0,4.0,4.0,4.0,4.0,4.0,4.0,5.0,5.0,4.0,4.0,4.0,4.0,4.0,4.0,4.0,4.0,4.0,4.0,4.0,4.0,3.0,3.0,4.0,4.0,5.0,5.0,4.0,3.0,0.0,0,1
Mykolaiv_District_SCICaseManagers_Staff,Mykolaiv Region,5,4.2,4.3,4.2,4.4,4.2,4.3,4.1,4.0,4.2,3.6,4.1,4.4,4.2,4.6,4.4,4.2,4.4,4.4,4.2,4.0,4.4,4.0,4.2,4.2,4.0,4.2,4.0,4.0,4.0,4.4,2.2,3.8,3.6,3.6,4.4,5.8,2.4,1.8,0.0,4.1,4.1,4.2,4.3,4.0,4.0,4.0,4.0,4.0,4.0,4.0,4.0,4.0,5.0,4.0,4.0,4.0,4.0,4.0,4.0,4.0,4.0,4.0,4.0,4.0,4.0,4.0,4.0,4.0,4.0,2.0,4.0,4.0,4.0,4.0,6.0,3.0,2.0,0.0,0,1
Mykolaiv_District_SaveTheChildren_Staff,Mykolaiv Region,11,3.7,4.0,4.0,4.1,3.8,4.2,4.1,4.0,4.3,3.5,4.1,4.1,4.2,3.9,4.2,4.3,4.6,3.9,3.7,3.7,4.2,4.0,3.9,4.2,3.7,4.3,4.1,4.1,3.9,4.0,3.1,3.9,3.5,3.5,4.4,5.3,3.5,2.5,0.0,3.7,4.0,3.8,4.0,4.0,4.0,4.0,4.0,4.5,3.5,4.0,4.0,4.0,4.0,4.0,4.0,5.0,4.0,4.0,4.0,4.0,4.0,4.0,4.0,4.0,4.0,4.0,4.0,4.0,4.0,3.0,4.0,3.0,4.0,4.0,5.0,3.0,3.0,0.0,0,1
Mykolaiv_District_SocialSupport_Staff,Mykolaiv Region,6,3.3,4.6,4.4,4.5,4.7,4.6,4.1,4.5,4.8,4.5,4.2,4.8,4.2,4.5,4.5,4.7,5.0,5.0,4.7,4.3,4.3,4.7,4.3,4.8,3.8,4.0,4.0,4.3,4.5,4.5,3.0,4.0,4.5,4.5,4.3,4.3,4.3,2.5,0.0,3.4,4.4,4.4,4.7,4.8,4.8,4.4,4.8,4.8,5.0,4.2,5.0,4.0,5.0,4.5,5.0,5.0,5.0,5.0,5.0,4.0,5.0,4.0,5.0,3.5,4.5,4.0,4.5,4.5,4.5,2.5,4.0,5.0,5.0,4.5,4.5,4.5,3.0,0.0,0,1
Mykolaiv_District_Staff,Mykolaiv Region,11,3.8,4.1,4.1,4.0,4.0,4.2,4.1,3.9,4.3,3.7,3.8,4.1,3.9,4.2,4.2,4.2,4.4,4.3,3.7,4.1,4.2,4.4,4.1,4.2,3.8,4.2,4.2,4.0,4.2,4.0,3.0,3.5,3.7,3.7,4.1,5.0,3.4,2.3,0.0,3.9,4.0,4.2,4.0,4.0,4.0,4.0,4.0,4.0,4.0,4.0,4.0,4.0,4.0,4.0,4.0,4.0,4.0,4.0,4.0,4.0,4.0,4.0,4.0,4.0,4.0,4.0,4.0,4.0,4.0,3.0,4.0,4.0,4.0,4.0,5.0,3.0,3.0,0.0,0,1
Mykolaiv_District_Volunteers,Mykolaiv Region,9,4.2,4.5,4.3,4.6,4.5,4.3,4.5,4.4,4.3,4.4,4.4,4.7,4.3,4.7,4.3,4.2,4.4,4.7,4.3,4.3,4.6,4.6,4.0,4.2,4.1,4.6,4.2,4.6,4.2,4.6,2.7,4.6,4.4,4.4,4.2,6.1,2.7,2.0,0.0,4.6,4.5,4.2,4.7,4.7,4.0,4.7,4.3,4.5,4.5,4.5,5.0,4.0,5.0,4.0,4.0,4.0,5.0,4.0,4.0,5.0,5.0,4.0,4.0,4.0,5.0,4.0,5.0,4.0,5.0,3.0,5.0,4.0,4.0,4.0,7.0,2.0,1.0,0.0,1,0
Myrhorod Local Organization,Poltava Region,7,4.4,4.3,4.5,4.4,4.2,4.4,4.4,4.3,4.3,4.2,4.4,4.6,4.3,4.3,4.4,4.3,4.3,4.4,4.3,4.0,4.4,4.7,4.4,4.6,4.6,4.6,4.3,4.4,4.3,4.7,3.0,4.6,4.1,4.3,4.3,6.1,2.3,1.7,0.0,4.3,4.2,4.4,4.3,4.0,4.0,4.7,4.0,4.0,4.0,4.5,5.0,4.0,4.0,4.0,4.0,4.0,4.0,4.0,4.0,4.0,5.0,5.0,5.0,5.0,5.0,4.0,4.0,4.0,5.0,3.0,5.0,4.0,4.0,4.0,6.0,3.0,2.0,0.0,1,0
Nadvirna district joint|staff|volunteers,Ivano-Frankivsk Region,6,3.8,4.1,4.1,4.1,4.2,4.0,4.1,4.0,4.2,3.5,4.2,4.0,3.8,4.5,4.0,4.0,4.7,4.3,4.0,4.3,4.0,4.0,4.0,4.2,4.2,4.3,3.5,4.5,3.8,4.5,2.3,4.2,3.5,3.5,4.3,5.2,3.2,2.7,0.0,3.5,4.0,4.1,4.2,4.0,4.2,4.3,4.2,4.2,3.5,4.2,4.0,4.0,4.5,4.0,4.0,5.0,4.0,4.0,4.5,4.0,4.5,4.0,4.0,4.0,4.0,4.0,4.5,4.0,4.5,3.0,4.0,3.5,3.5,4.5,5.0,3.0,3.0,0.0,0,1
Nikopol_District_ERT_Volunteers,Dnipro Region,3,4.7,4.3,4.3,4.6,4.3,4.0,4.2,4.1,4.5,3.7,4.2,4.7,4.3,4.7,4.0,4.0,4.7,4.7,4.0,4.3,4.7,4.7,4.3,3.7,4.3,4.0,4.3,4.3,4.3,4.3,4.0,4.0,3.7,3.7,4.3,6.7,2.0,1.0,1.0,4.8,4.5,4.4,4.7,4.3,4.0,4.0,4.2,4.5,4.0,4.0,5.0,4.0,5.0,4.0,4.0,5.0,5.0,4.0,4.0,5.0,5.0,4.0,4.0,4.0,4.0,4.0,4.0,4.0,4.0,4.0,4.0,4.0,4.0,4.0,7.0,2.0,1.0,1.0,1,0
Nizhyn_District_Volunteers,Chernihiv Region,17,4.4,4.4,4.3,4.5,4.3,4.4,4.3,4.3,4.3,4.3,4.3,4.6,4.4,4.5,4.4,4.3,4.4,4.4,4.1,4.5,4.3,4.4,4.2,4.4,4.2,4.5,4.2,4.2,4.3,4.5,2.4,4.2,4.2,4.3,4.4,6.1,2.7,1.4,0.0,4.3,4.4,4.2,4.3,4.3,4.0,4.3,4.2,4.0,4.0,4.0,5.0,4.0,4.0,4.0,4.0,4.0,4.0,4.0,5.0,4.0,4.0,4.0,4.0,4.0,4.0,4.0,4.0,4.0,4.0,2.0,4.0,4.0,4.0,4.0,6.0,3.0,1.0,0.0,1,0
Novohrad-Volunskyy_District_JointStaffVolunteers,Zytomyr Region,8,3.7,4.1,4.0,4.0,4.1,4.0,4.1,4.0,4.2,3.7,4.1,4.1,3.9,4.1,3.9,4.1,4.4,4.4,4.0,4.0,4.1,4.1,4.1,4.0,3.9,4.4,3.8,4.1,4.1,4.4,2.9,4.0,3.6,3.8,4.2,5.2,3.9,2.4,0.0,3.4,4.0,3.6,4.0,4.0,4.0,4.2,3.9,4.2,3.8,4.0,4.0,4.0,4.0,4.0,4.0,4.0,4.5,4.0,4.0,4.0,4.0,4.5,4.0,3.5,4.5,4.0,4.0,4.0,4.0,3.0,4.0,4.0,4.0,4.0,5.0,4.0,2.5,0.0,1,0
Novomyrhorod_District_Volunteers,Kropyvnytskyi Region,8,4.4,4.2,4.2,4.3,3.9,4.3,4.0,4.2,4.4,4.1,4.2,4.1,4.5,4.4,4.2,4.4,4.6,4.1,3.6,4.0,4.5,4.2,4.2,4.4,3.9,3.9,3.9,4.1,4.2,4.2,2.9,4.2,4.2,3.9,4.1,5.8,2.2,1.4,0.0,4.6,4.2,4.1,4.5,4.0,4.2,4.0,4.3,4.5,4.0,4.2,4.0,4.5,4.5,4.0,4.0,5.0,4.0,4.0,4.0,4.5,4.0,4.0,4.0,4.0,4.0,4.0,4.0,4.0,4.5,3.0,4.5,4.0,4.0,4.0,6.0,2.5,1.0,0.0,1,0
Novoselytska_City_VolunteersStaff,Chernivtsi Region,31,4.1,4.3,4.2,4.4,4.2,4.4,4.5,4.0,4.1,3.8,4.1,4.4,4.4,4.5,4.4,4.5,4.4,4.5,4.1,4.1,4.4,4.3,4.4,4.1,4.0,4.7,4.3,4.5,3.8,4.6,3.1,3.8,3.8,3.9,4.5,5.5,2.8,1.8,0.0,4.3,4.5,4.4,4.3,4.3,4.5,4.7,4.2,4.5,4.0,4.0,5.0,4.0,4.0,4.0,4.0,5.0,5.0,4.0,4.0,4.0,5.0,5.0,4.0,4.0,5.0,4.0,5.0,4.0,5.0,3.0,4.0,4.0,4.0,4.0,5.0,3.0,1.0,0.0,1,0
Novovolynsk_City_Volunteers,Volyn Region,6,3.6,3.9,3.9,4.0,3.7,4.2,3.8,3.8,3.8,3.7,3.8,4.0,4.0,3.8,4.2,4.2,3.7,3.8,3.7,3.7,4.0,4.0,4.0,4.0,3.5,3.8,3.7,3.8,3.8,3.8,3.3,3.7,3.7,3.7,4.0,5.3,3.7,2.8,0.0,3.9,4.0,4.0,4.0,4.0,4.0,4.0,4.0,4.0,4.0,4.0,4.0,4.0,4.0,4.0,4.0,4.0,4.0,4.0,4.0,4.0,4.0,4.0,4.0,3.5,4.0,4.0,4.0,4.0,4.0,3.5,4.0,4.0,4.0,4.0,5.0,3.0,2.0,0.0,1,0
Novovorontsovska_District_JointStaffVolunteers,Kherson Region,8,4.3,4.4,4.4,4.4,4.4,4.2,4.2,4.4,4.4,4.4,4.2,4.4,4.2,4.6,4.2,4.2,4.5,4.5,4.6,4.1,4.5,4.2,4.4,4.5,4.4,4.5,4.0,4.1,4.4,4.6,2.9,4.2,4.4,4.5,4.2,6.0,2.6,1.6,1.0,4.3,4.4,4.5,4.3,4.5,4.0,4.2,4.4,4.5,4.2,4.0,4.0,4.5,5.0,4.0,4.0,4.5,4.5,5.0,4.0,4.5,4.0,4.0,4.5,4.5,4.5,4.0,4.0,4.0,5.0,2.5,4.0,4.0,4.5,4.0,6.0,2.5,1.0,1.0,1,0
Novoyavorivsk & Zhovkva  District Staff Volunteers,Lviv Region,5,4.3,4.2,4.2,4.1,4.3,4.2,4.3,4.3,4.2,4.2,4.5,4.0,4.2,4.2,4.2,4.2,4.2,4.2,4.4,4.2,4.4,4.2,4.2,4.0,4.2,4.6,4.0,4.4,4.2,4.4,3.0,4.4,4.2,4.2,4.6,5.6,2.2,1.6,0.0,4.1,4.0,4.0,4.0,4.0,4.0,4.3,4.3,4.0,4.0,4.5,4.0,4.0,4.0,4.0,4.0,4.0,4.0,4.0,4.0,4.0,4.0,4.0,4.0,4.0,5.0,4.0,4.0,4.0,4.0,3.0,4.0,4.0,4.0,5.0,5.0,3.0,1.0,0.0,1,0
OD Department,URCS HQ,1,4.1,4.8,4.8,4.7,4.7,5.0,4.3,4.8,5.0,5.0,4.5,4.0,5.0,5.0,5.0,5.0,5.0,5.0,4.0,5.0,5.0,5.0,5.0,5.0,4.0,4.0,4.0,5.0,5.0,4.0,1.0,4.0,5.0,5.0,5.0,6.0,3.0,2.0,0.0,4.1,4.8,4.8,4.7,4.7,5.0,4.3,4.8,5.0,5.0,4.5,4.0,5.0,5.0,5.0,5.0,5.0,5.0,4.0,5.0,5.0,5.0,5.0,5.0,4.0,4.0,4.0,5.0,5.0,4.0,1.0,4.0,5.0,5.0,5.0,6.0,3.0,2.0,0.0,0,1
OD Department Heads,URCS HQ,4,3.7,4.0,4.1,4.1,4.1,3.8,3.8,4.0,4.2,3.8,4.0,4.2,4.0,4.0,3.5,4.0,4.2,4.2,4.0,4.0,4.2,4.0,4.2,4.2,3.8,4.0,4.0,3.5,4.2,3.5,2.2,4.0,3.8,3.8,4.0,4.8,3.2,2.5,0.0,3.8,3.8,4.0,4.0,4.0,3.5,3.8,3.8,4.2,3.5,4.0,4.0,4.0,4.0,3.0,4.0,4.5,4.0,4.0,4.0,4.0,4.0,4.0,4.0,4.0,4.0,4.0,3.5,4.0,3.5,2.0,4.0,3.5,3.5,4.0,5.0,3.0,2.5,0.0,0,1
Obukhiv_District_Volunteers,Kyiv Region,9,4.4,4.3,4.3,4.3,4.4,4.3,4.4,4.1,4.1,3.8,4.5,4.3,4.2,4.3,4.3,4.3,4.0,4.6,4.2,4.4,4.4,4.4,4.3,4.2,4.2,4.7,4.0,4.6,4.2,4.6,2.8,4.4,3.7,4.0,4.6,6.1,2.7,1.4,0.0,4.6,4.1,4.2,4.3,4.3,4.0,4.7,4.0,4.0,4.0,4.5,4.0,4.0,4.0,4.0,4.0,4.0,5.0,4.0,5.0,4.0,4.0,4.0,4.0,4.0,5.0,4.0,5.0,4.0,5.0,3.0,4.0,4.0,4.0,5.0,6.0,3.0,1.0,0.0,1,0
Ochakiv_City_Staff,Mykolaiv Region,7,4.1,4.4,4.3,4.3,4.5,4.4,4.4,4.3,4.6,3.9,4.3,4.1,4.3,4.6,4.4,4.4,4.9,4.7,4.6,4.3,4.4,4.3,4.3,4.6,4.1,4.6,4.4,4.3,4.3,4.1,3.4,4.3,4.0,3.9,4.3,6.1,3.1,2.0,0.0,4.3,4.4,4.2,4.3,4.7,4.0,4.7,4.0,4.5,4.0,4.0,4.0,4.0,5.0,4.0,4.0,5.0,5.0,5.0,4.0,4.0,4.0,4.0,5.0,4.0,5.0,5.0,4.0,4.0,4.0,4.0,4.0,4.0,4.0,4.0,7.0,3.0,1.0,0.0,0,1
Ochakiv_City_Volunteers,Mykolaiv Region,11,4.1,3.9,4.0,4.0,3.8,4.0,4.0,4.1,4.1,4.0,4.2,4.0,4.0,3.9,4.0,4.0,4.5,4.1,3.5,3.9,4.2,4.2,3.9,3.8,3.7,4.1,3.8,4.0,3.8,4.5,3.0,4.3,4.0,4.0,4.1,5.5,2.7,2.0,0.0,4.3,4.0,4.0,4.0,4.0,4.0,4.0,4.0,4.0,4.0,4.0,4.0,4.0,4.0,4.0,4.0,4.0,4.0,4.0,4.0,4.0,4.0,4.0,4.0,4.0,4.0,4.0,4.0,4.0,4.0,3.0,4.0,4.0,4.0,4.0,5.0,2.0,1.0,0.0,1,0
Odesa_ Regional_Staff,Odessa Region,4,3.1,3.6,3.8,3.5,3.6,3.9,3.6,3.4,3.6,2.6,4.0,3.5,3.8,3.2,3.5,4.2,4.0,3.8,3.5,3.8,3.2,4.8,3.0,3.8,4.2,3.5,3.8,3.5,3.2,4.0,2.8,4.0,2.5,2.8,4.0,4.2,4.2,3.8,0.0,3.0,3.6,3.6,3.4,3.6,4.0,4.2,3.5,3.5,2.5,4.0,3.5,3.5,3.0,3.5,4.5,4.5,4.0,3.5,3.5,3.5,5.0,3.0,4.0,4.0,4.0,4.5,4.0,3.5,4.0,3.0,4.0,2.0,3.0,4.0,3.5,4.0,3.5,0.0,0,1
Ohtyrka_City_Volunteers,Sumy Region,18,4.2,4.4,4.4,4.4,4.4,4.6,4.4,4.2,4.3,4.0,4.4,4.3,4.1,4.6,4.6,4.6,4.3,4.7,4.1,4.3,4.4,4.5,4.2,4.4,4.4,4.6,4.4,4.2,4.2,4.6,3.1,4.3,4.0,4.0,4.4,6.1,3.1,1.8,0.0,4.2,4.5,4.3,4.5,4.3,4.5,4.5,4.1,4.0,4.0,4.2,4.0,4.0,5.0,5.0,5.0,4.5,5.0,4.0,4.0,4.5,4.5,4.0,4.5,4.0,5.0,4.0,4.0,4.0,5.0,3.0,4.0,4.0,4.0,4.0,6.5,3.0,1.0,0.0,1,0
Oleksandriiska_District_Volunteers,Kropyvnytskyi Region,6,3.9,4.6,4.6,4.7,4.6,4.6,4.3,4.4,4.7,4.2,4.4,4.7,4.7,4.8,4.5,4.7,4.8,4.3,4.7,4.7,4.7,4.3,4.7,4.7,4.7,4.7,4.0,4.3,4.5,4.3,2.8,4.5,4.3,4.2,4.3,5.5,3.3,2.2,0.0,4.1,4.8,4.9,5.0,4.6,4.8,4.5,4.6,5.0,4.5,4.8,5.0,5.0,5.0,4.5,5.0,5.0,4.5,5.0,5.0,5.0,4.5,5.0,5.0,5.0,5.0,4.5,4.5,5.0,5.0,3.0,5.0,4.5,4.5,4.5,5.5,3.0,2.0,0.0,1,0
Onufrievska_District_Volunteers,Kropyvnytskyi Region,8,4.3,4.3,4.4,4.3,4.4,4.2,4.5,4.4,4.4,4.1,4.6,4.4,4.4,4.2,4.4,4.1,4.6,4.4,4.4,4.4,4.6,4.5,4.2,4.1,4.2,4.8,4.4,4.5,4.1,4.5,2.6,4.6,4.0,4.2,4.6,5.9,2.5,1.4,0.0,4.3,4.2,4.4,4.2,4.2,4.0,4.5,4.2,4.2,4.0,5.0,4.0,4.5,4.0,4.0,4.0,5.0,4.0,4.5,4.0,5.0,4.5,4.0,4.0,4.0,5.0,4.0,4.5,4.0,4.5,2.5,5.0,4.0,4.0,5.0,6.0,2.5,1.0,0.0,1,0
Pervomaisk_District_Staff,Mykolaiv Region,8,4.2,4.4,4.4,4.4,4.5,4.5,4.3,4.2,4.4,4.1,4.2,4.4,4.4,4.4,4.6,4.4,4.4,4.6,4.4,4.4,4.4,4.4,4.5,4.4,4.2,4.4,4.2,4.4,4.4,4.5,3.0,4.2,4.0,4.1,4.2,6.6,3.1,2.0,0.0,4.4,4.5,4.2,4.2,4.5,4.5,4.0,4.0,4.2,4.0,4.0,4.0,4.0,4.0,5.0,4.0,4.0,5.0,4.0,4.0,4.0,4.0,4.5,4.0,4.0,4.0,4.0,4.0,4.0,4.5,3.0,4.0,4.0,4.0,4.0,7.0,3.0,1.0,0.0,0,1
Pervomaisk_District_Volunteers,Mykolaiv Region,12,4.4,4.3,4.4,4.3,4.4,4.0,4.3,4.3,4.4,4.1,4.3,4.2,4.3,4.4,4.1,4.0,4.5,4.3,4.3,4.6,4.5,4.4,4.2,4.1,4.5,4.4,4.2,4.2,4.2,4.8,3.1,4.2,4.1,4.1,4.4,5.8,2.1,1.5,0.0,4.3,4.1,4.4,4.0,4.3,4.0,4.2,4.3,4.5,4.0,4.0,4.0,4.0,4.0,4.0,4.0,5.0,4.0,4.0,5.0,4.5,4.5,4.0,4.0,5.0,4.5,4.0,4.0,4.0,5.0,3.0,4.0,4.0,4.0,4.0,5.5,2.0,1.0,0.0,1,0
Pidvolochysk_District_JoinStaffVolonteers,Ternopil Region,8,4.3,4.5,4.3,4.5,4.4,4.4,4.2,4.3,4.4,3.9,4.4,4.6,4.4,4.6,4.6,4.1,4.5,4.4,4.4,4.5,4.4,4.4,4.1,4.2,4.2,4.4,4.2,4.0,4.2,4.5,2.4,4.5,3.8,4.1,4.4,5.8,2.1,1.6,0.0,4.2,4.5,4.2,4.5,4.3,4.5,4.2,4.2,4.2,4.0,4.5,5.0,4.0,5.0,5.0,4.0,4.5,4.0,4.0,4.5,4.0,4.0,4.0,4.0,4.0,4.0,4.0,4.0,4.0,4.5,2.0,4.5,4.0,4.0,4.0,5.5,2.0,1.5,0.0,1,0
Podilska_District_Volunteers,Odessa Region,6,4.3,4.4,4.4,4.4,4.3,4.3,4.2,4.3,4.8,4.0,4.2,4.5,4.3,4.5,4.3,4.3,5.0,4.3,4.3,4.2,4.3,4.7,4.5,4.3,4.0,4.2,4.0,4.5,4.5,4.2,2.8,4.0,4.0,4.0,4.3,5.7,2.5,1.5,0.0,4.1,4.4,4.3,4.4,4.2,4.2,4.2,4.3,5.0,4.0,4.2,4.5,4.0,4.5,4.0,4.0,5.0,4.0,4.0,4.0,4.5,5.0,4.5,4.0,4.0,4.0,4.0,4.5,5.0,4.0,3.0,4.0,4.0,4.0,4.5,5.5,3.0,1.5,0.0,1,0
Pokrovsk_District_Joint_Staff_Volunteers,Donetsk Region,18,4.1,4.1,4.3,4.0,4.2,4.2,3.8,4.1,4.2,3.8,4.3,4.1,4.1,3.8,4.2,4.2,4.2,4.3,4.0,4.2,4.2,4.4,4.4,4.2,4.2,3.9,3.6,3.7,4.1,4.3,3.2,4.3,3.9,3.7,4.4,5.5,2.7,1.8,1.0,4.0,4.0,4.0,4.0,4.0,4.0,4.0,4.0,4.2,4.0,4.2,4.0,4.0,4.0,4.0,4.0,4.0,4.0,4.0,4.0,4.0,4.0,4.5,4.0,4.0,4.0,4.0,4.0,4.0,4.0,3.0,4.0,4.0,4.0,4.0,6.0,3.0,2.0,1.0,1,0
Pologyvska _ Regional_Volunteers,Zaporizhya Region,13,3.3,4.3,4.4,4.3,4.2,4.4,3.4,4.3,4.3,4.3,4.3,4.3,4.4,4.3,4.3,4.5,4.6,4.4,3.9,4.2,4.4,4.3,4.5,4.6,4.2,3.5,3.5,3.3,4.1,4.1,4.2,4.0,4.4,4.2,4.5,5.1,4.5,3.2,1.0,3.4,4.2,4.6,4.3,4.0,4.0,4.0,4.2,4.0,4.0,4.0,5.0,4.0,4.0,4.0,4.0,5.0,5.0,4.0,4.0,4.0,4.0,5.0,5.0,4.0,4.0,4.0,4.0,4.0,4.0,4.0,4.0,4.0,4.0,5.0,5.0,4.0,4.0,1.0,1,0
Poltava MO,Poltava Region,9,4.1,4.3,4.4,4.3,4.3,4.2,4.6,4.4,4.3,4.3,4.4,4.4,4.3,4.2,4.2,4.1,4.4,4.6,4.3,4.1,4.4,4.6,4.6,4.2,4.4,4.7,4.4,4.6,4.1,4.8,2.9,4.6,4.4,4.2,4.3,5.8,3.0,1.8,0.0,4.1,4.1,4.4,4.0,4.3,4.0,4.7,4.2,4.0,4.0,4.5,4.0,4.0,4.0,4.0,4.0,4.0,5.0,4.0,4.0,4.0,5.0,5.0,4.0,4.0,5.0,4.0,5.0,4.0,5.0,3.0,5.0,4.0,4.0,4.0,6.0,3.0,2.0,0.0,1,0
Poltava Regional Organization,Poltava Region,1,4.1,4.2,4.6,4.7,4.0,4.0,4.7,4.0,4.0,4.0,4.0,5.0,4.0,5.0,4.0,4.0,4.0,4.0,4.0,4.0,5.0,5.0,5.0,4.0,4.0,5.0,4.0,5.0,4.0,5.0,3.0,4.0,4.0,4.0,4.0,5.0,3.0,1.0,0.0,4.1,4.2,4.6,4.7,4.0,4.0,4.7,4.0,4.0,4.0,4.0,5.0,4.0,5.0,4.0,4.0,4.0,4.0,4.0,4.0,5.0,5.0,5.0,4.0,4.0,5.0,4.0,5.0,4.0,5.0,3.0,4.0,4.0,4.0,4.0,5.0,3.0,1.0,0.0,1,0
Pryluky_District_Volunteers,Chernihiv Region,26,4.0,4.3,4.3,4.3,4.3,4.3,4.4,4.3,4.3,4.2,4.3,4.3,4.2,4.3,4.3,4.3,4.3,4.4,4.2,4.2,4.5,4.2,4.4,4.2,4.1,4.5,4.3,4.4,4.3,4.4,2.7,4.3,4.2,4.2,4.3,5.2,3.0,1.9,0.0,4.0,4.1,4.1,4.2,4.0,4.0,4.0,4.0,4.0,4.0,4.0,4.0,4.0,4.0,4.0,4.0,4.0,4.0,4.0,4.0,4.0,4.0,4.0,4.0,4.0,4.0,4.0,4.0,4.0,4.0,3.0,4.0,4.0,4.0,4.0,5.0,3.0,2.0,0.0,1,0
Prymorska_City_Volunteers,Odessa Region,5,4.0,4.4,4.6,4.2,4.4,4.6,4.3,4.4,4.3,4.4,4.5,4.2,4.2,4.2,4.6,4.6,4.6,4.4,4.4,4.4,4.4,4.6,4.8,4.8,4.2,4.2,4.6,4.2,4.0,4.8,3.4,4.6,4.4,4.4,4.4,6.0,3.2,2.2,0.0,4.3,4.6,5.0,4.7,5.0,5.0,5.0,4.5,4.5,4.0,5.0,4.0,5.0,5.0,5.0,5.0,5.0,5.0,5.0,5.0,5.0,5.0,5.0,5.0,5.0,5.0,5.0,5.0,4.0,5.0,4.0,5.0,4.0,4.0,5.0,7.0,3.0,1.0,0.0,1,0
Psychosocial Support або PSS,Poltava Region,2,4.0,4.5,4.3,4.8,4.3,4.2,3.8,3.8,4.5,3.0,4.0,5.0,5.0,4.5,4.5,4.0,5.0,5.0,4.0,4.0,4.5,4.5,4.5,4.0,4.0,3.5,4.0,4.0,4.0,4.5,2.5,3.5,3.0,3.0,4.5,5.5,3.0,2.0,0.0,4.0,4.5,4.3,4.8,4.3,4.2,3.8,3.8,4.5,3.0,4.0,5.0,5.0,4.5,4.5,4.0,5.0,5.0,4.0,4.0,4.5,4.5,4.5,4.0,4.0,3.5,4.0,4.0,4.0,4.5,2.5,3.5,3.0,3.0,4.5,5.5,3.0,2.0,0.0,1,0
Radomyshl_District_JointStaffVolunteers,Zytomyr Region,6,3.8,3.9,3.6,3.9,3.8,4.1,3.7,3.8,4.1,3.8,3.6,4.0,3.7,4.2,4.2,4.0,4.2,3.8,3.7,4.0,3.8,3.7,3.2,3.3,4.0,3.7,3.8,3.7,4.0,4.3,3.3,3.3,3.8,3.8,3.8,5.2,3.7,2.2,0.0,3.9,4.0,3.6,4.0,3.8,4.0,3.8,3.8,4.0,4.0,3.5,4.0,4.0,4.0,4.0,4.0,4.0,4.0,4.0,4.0,4.0,4.0,3.5,3.0,4.0,4.0,4.0,4.0,4.0,4.0,3.0,3.0,4.0,4.0,4.0,5.0,3.0,1.5,0.0,1,0
Rahiv_District_Volonteers,Zakarpattya Region,7,4.0,4.2,3.9,4.1,4.0,4.6,4.3,4.0,4.3,3.5,4.3,4.0,4.0,4.1,4.4,4.7,4.3,4.4,3.6,4.0,4.4,4.0,3.7,4.0,3.6,4.6,4.1,4.3,4.3,4.3,2.6,4.1,3.6,3.4,4.4,5.3,3.0,2.0,0.0,3.9,4.0,4.0,3.7,4.0,5.0,4.3,4.2,4.5,4.0,4.5,4.0,4.0,4.0,5.0,5.0,4.0,4.0,4.0,4.0,4.0,4.0,4.0,4.0,3.0,5.0,4.0,4.0,4.0,4.0,3.0,4.0,4.0,4.0,4.0,5.0,3.0,2.0,0.0,0,1
Regional Specialists,Regional Specialists,47,3.6,4.0,4.1,4.0,4.0,3.9,3.9,3.9,4.2,3.4,4.0,4.1,3.8,4.1,4.0,3.9,4.3,4.2,3.9,3.9,4.1,4.3,4.1,4.4,4.0,4.0,3.8,3.9,4.1,4.1,3.0,3.9,3.2,3.6,4.2,5.0,3.7,2.6,0.0,3.5,4.0,4.2,4.0,4.0,4.0,4.0,3.8,4.0,3.5,4.0,4.0,4.0,4.0,4.0,4.0,4.0,4.0,4.0,4.0,4.0,4.0,4.0,4.0,4.0,4.0,4.0,4.0,4.0,4.0,3.0,4.0,3.0,4.0,4.0,5.0,3.0,3.0,0.0,0,1
Rehab&support dept,URCS HQ,19,3.4,4.0,4.1,3.9,4.0,3.9,4.1,3.9,4.2,3.3,4.0,3.9,3.9,3.9,3.9,4.0,4.5,4.1,3.9,3.9,4.1,4.3,3.9,4.0,4.2,4.2,4.1,4.0,3.9,4.4,3.0,3.6,3.4,3.3,4.4,4.6,3.9,3.1,0.0,3.5,3.9,4.2,4.0,4.0,4.0,4.0,3.8,4.0,3.5,4.0,4.0,4.0,4.0,4.0,4.0,5.0,4.0,4.0,4.0,4.0,4.0,4.0,4.0,4.0,4.0,4.0,4.0,4.0,4.0,3.0,4.0,3.0,3.0,5.0,5.0,4.0,3.0,0.0,0,1
Rivne_Regional_BraVo_Staff,Rivne Region,8,3.8,4.1,4.3,4.1,4.3,3.7,4.0,4.2,4.4,4.2,4.2,4.0,4.0,4.2,3.8,3.6,4.6,4.2,4.6,4.0,4.1,4.2,4.4,4.5,4.1,3.9,4.1,4.1,4.1,4.2,3.1,3.9,4.1,4.2,4.5,5.4,3.9,1.9,0.0,3.8,4.0,4.1,4.0,4.2,4.0,4.0,4.1,4.5,4.0,4.2,4.0,4.0,4.0,4.0,4.0,5.0,4.0,5.0,4.0,4.0,4.0,4.0,4.5,4.0,4.0,4.0,4.0,4.0,4.0,3.0,4.0,4.0,4.0,4.5,5.0,3.5,2.0,0.0,0,1
Rivne_Regional_Staff,Rivne Region,9,3.7,4.1,4.2,4.1,4.0,4.3,3.9,4.0,4.2,3.7,4.0,4.3,3.8,4.2,4.2,4.4,4.1,4.1,4.1,3.7,4.1,4.0,4.3,4.4,4.2,4.0,3.9,3.9,4.2,4.1,3.1,3.8,3.8,3.7,4.2,5.7,3.9,2.8,0.0,3.7,4.1,4.2,4.0,4.0,4.0,4.0,3.8,4.0,4.0,4.0,4.0,4.0,4.0,4.0,4.0,4.0,4.0,4.0,4.0,4.0,4.0,4.0,4.0,4.0,4.0,4.0,4.0,4.0,4.0,3.0,4.0,4.0,4.0,4.0,6.0,4.0,3.0,0.0,0,1
Romny_City_Volunteers,Sumy Region,20,4.3,4.5,4.4,4.6,4.6,4.4,4.4,4.5,4.5,4.4,4.6,4.4,4.4,4.8,4.5,4.4,4.6,4.8,4.5,4.4,4.4,4.4,4.3,4.4,4.5,4.6,4.2,4.4,4.3,4.8,2.7,4.6,4.4,4.3,4.6,5.8,2.6,1.5,0.0,4.2,4.5,4.3,4.7,4.7,4.5,4.3,4.5,4.5,4.2,4.8,4.0,4.5,5.0,5.0,4.0,5.0,5.0,5.0,4.0,4.0,4.0,4.0,4.0,4.5,5.0,4.0,4.0,4.0,5.0,3.0,5.0,4.0,4.0,5.0,6.0,3.0,1.0,0.0,1,0
Rozdilnianska_District_Volunteers,Odessa Region,5,4.4,4.5,4.6,4.5,4.5,4.6,4.3,4.5,4.6,4.5,4.5,4.6,4.6,4.4,4.6,4.6,4.8,4.6,4.4,4.4,4.6,4.6,4.6,4.6,4.4,4.4,4.0,4.4,4.4,4.6,2.8,4.6,4.6,4.4,4.4,5.4,2.0,1.2,0.0,4.3,4.5,4.8,5.0,4.3,4.5,4.0,4.5,4.5,4.5,4.5,5.0,5.0,5.0,5.0,5.0,5.0,5.0,4.0,4.0,5.0,5.0,5.0,5.0,4.0,4.0,4.0,4.0,4.0,5.0,3.0,5.0,5.0,4.0,4.0,5.0,2.0,1.0,0.0,1,0
Rozhyshche_District_Volunteers,Volyn Region,7,4.1,4.0,4.0,4.0,4.0,3.9,4.4,3.9,4.1,3.6,3.9,4.0,3.9,4.3,4.0,3.9,4.4,4.1,3.9,3.9,4.1,3.9,4.0,3.9,4.0,4.6,4.1,4.6,3.9,3.9,3.3,3.9,3.6,3.7,3.9,5.6,2.7,1.7,0.0,4.1,4.6,4.8,4.7,4.7,4.0,4.7,4.3,4.5,3.5,4.0,5.0,4.0,5.0,4.0,4.0,5.0,5.0,4.0,5.0,5.0,5.0,5.0,4.0,5.0,5.0,4.0,5.0,4.0,5.0,3.0,4.0,4.0,4.0,4.0,6.0,3.0,1.0,0.0,1,0
Ruzhyn_District_JointStaffVolunteers,Zytomyr Region,11,4.2,4.2,4.1,4.2,4.1,4.3,3.9,4.0,4.3,3.8,4.0,4.4,4.1,4.1,4.4,4.3,4.5,4.3,3.9,4.2,4.4,4.1,4.2,3.9,4.0,4.0,3.6,4.0,4.1,4.4,3.5,3.9,3.8,3.7,4.1,5.4,2.5,1.5,0.0,4.1,4.1,4.0,4.0,4.0,4.0,4.0,4.0,4.0,4.0,4.0,4.0,4.0,4.0,4.0,4.0,4.0,4.0,4.0,4.0,4.0,4.0,4.0,4.0,4.0,4.0,4.0,4.0,4.0,4.0,3.0,4.0,4.0,4.0,4.0,5.0,3.0,1.0,0.0,1,0
Sambir District Staff Volunteers,Lviv Region,7,3.6,4.1,4.1,4.2,4.0,4.3,3.9,4.0,4.1,3.4,4.4,4.0,4.3,4.3,4.4,4.1,4.4,4.3,3.9,3.7,4.3,4.3,4.0,4.3,3.9,3.9,3.9,4.0,3.9,4.0,3.6,4.3,3.3,3.4,4.4,5.4,4.1,2.4,0.0,3.4,4.1,4.2,4.0,4.0,4.5,4.0,4.0,4.0,3.0,4.5,4.0,4.0,4.0,5.0,4.0,4.0,4.0,4.0,4.0,4.0,4.0,4.0,4.0,4.0,4.0,4.0,4.0,4.0,4.0,3.0,4.0,3.0,3.0,5.0,6.0,5.0,3.0,0.0,1,0
Sarny_City_United_Headquarters_of_Volunteers,Rivne Region,2,4.2,4.0,4.1,4.2,3.8,4.0,4.5,4.2,4.2,4.0,4.2,4.0,4.0,4.5,4.0,4.0,5.0,4.5,4.0,3.0,5.0,4.0,4.5,3.5,3.5,4.5,4.5,4.5,3.5,4.5,3.0,4.5,4.0,4.0,4.0,5.5,3.0,1.0,0.0,4.2,4.0,4.1,4.2,3.8,4.0,4.5,4.2,4.2,4.0,4.2,4.0,4.0,4.5,4.0,4.0,5.0,4.5,4.0,3.0,5.0,4.0,4.5,3.5,3.5,4.5,4.5,4.5,3.5,4.5,3.0,4.5,4.0,4.0,4.0,5.5,3.0,1.0,0.0,1,0
Sarny_City_Volunteers,Rivne Region,7,4.5,4.2,4.3,4.4,4.1,4.1,4.2,4.2,4.1,4.0,4.5,4.4,4.3,4.4,4.0,4.3,4.4,4.3,4.0,4.1,4.3,4.3,4.1,4.4,4.4,4.4,4.0,4.1,3.9,4.3,2.9,4.4,4.0,4.0,4.6,5.9,2.0,1.1,0.0,4.6,4.0,4.2,4.0,4.0,4.0,4.0,4.0,4.0,4.0,4.5,4.0,4.0,5.0,4.0,4.0,4.0,4.0,4.0,4.0,4.0,4.0,4.0,4.0,4.0,4.0,4.0,4.0,4.0,4.0,3.0,4.0,4.0,4.0,5.0,6.0,2.0,1.0,0.0,1,0
Shepetivka_District_JointStaffVolunteers,Khmelnytskyi Region,56,4.2,4.2,4.2,4.2,4.2,4.2,4.3,4.2,4.3,3.8,4.3,4.2,4.2,4.2,4.3,4.2,4.5,4.3,4.2,4.0,4.3,4.4,4.2,4.2,4.1,4.4,4.3,4.3,4.2,4.4,3.0,4.3,3.9,3.8,4.3,5.8,2.6,1.8,0.0,4.3,4.1,4.0,4.2,4.0,4.0,4.7,4.2,4.5,4.0,4.0,4.0,4.0,4.0,4.0,4.0,5.0,4.0,4.0,4.0,4.0,4.0,4.0,4.0,4.0,5.0,4.0,4.0,4.0,4.0,3.0,4.0,4.0,4.0,4.0,6.0,2.5,1.0,0.0,1,0
Shostka_City_Volunteers,Sumy Region,22,4.3,4.3,4.4,4.4,4.4,4.2,4.4,4.2,4.3,4.0,4.2,4.5,4.2,4.4,4.2,4.2,4.5,4.5,4.3,4.3,4.4,4.3,4.5,4.3,4.3,4.6,4.1,4.5,4.1,4.5,2.9,4.2,4.0,4.0,4.2,5.8,2.5,1.6,1.0,4.3,4.3,4.4,4.3,4.3,4.0,4.5,4.2,4.5,4.0,4.0,4.0,4.0,4.5,4.0,4.0,5.0,4.5,4.0,4.0,4.0,4.0,4.5,4.0,4.0,5.0,4.0,4.5,4.0,5.0,3.0,4.0,4.0,4.0,4.0,6.0,3.0,1.0,1.0,1,0
Slavuta_City_JointStaffVolunteers,Khmelnytskyi Region,25,4.3,4.4,4.3,4.4,4.5,4.3,4.2,4.3,4.4,4.1,4.3,4.4,4.4,4.5,4.3,4.2,4.6,4.8,4.6,4.2,4.3,4.4,4.4,4.1,4.2,4.4,3.9,4.4,4.3,4.7,2.8,4.1,4.1,4.1,4.4,5.8,2.6,1.4,0.0,4.3,4.5,4.2,4.3,4.7,4.0,4.3,4.2,4.5,4.0,4.0,4.0,4.0,5.0,4.0,4.0,5.0,5.0,5.0,4.0,4.0,4.0,4.0,4.0,4.0,4.0,4.0,5.0,4.0,5.0,3.0,4.0,4.0,4.0,4.0,6.0,3.0,1.0,0.0,1,0
Slovyansk_District_Joint_Staff_Volunteers,Donetsk Region,7,4.0,4.1,4.2,4.1,4.1,4.3,4.2,4.1,4.0,4.1,4.2,4.0,4.0,4.3,4.1,4.4,4.3,4.6,4.0,3.7,4.1,4.0,4.3,4.0,4.4,4.4,4.1,4.1,3.7,4.6,2.9,4.1,4.0,4.3,4.3,5.4,3.4,1.4,1.0,4.1,4.2,4.2,4.3,4.3,4.5,4.0,4.2,4.0,4.0,4.5,4.0,4.0,4.0,4.0,4.0,4.0,5.0,4.0,4.0,4.0,4.0,4.0,4.0,4.0,4.0,4.0,4.0,4.0,5.0,3.0,4.0,4.0,4.0,5.0,5.0,3.0,1.0,1.0,1,0
Snihurivka_City_JointStaffVolunteers,Mykolaiv Region,15,3.7,4.0,4.0,4.1,4.0,4.0,3.9,4.0,4.1,3.8,4.0,4.3,3.9,4.1,4.0,4.0,4.3,4.3,3.9,3.8,4.0,4.2,3.7,4.1,3.9,3.9,3.9,3.9,3.9,3.9,3.1,3.9,3.9,3.7,4.2,5.1,3.5,2.5,0.0,3.7,4.0,4.0,4.0,4.0,4.0,4.0,3.8,4.0,4.0,4.0,4.0,4.0,4.0,4.0,4.0,4.0,4.0,4.0,4.0,4.0,4.0,4.0,4.0,4.0,4.0,4.0,4.0,4.0,4.0,3.0,4.0,4.0,4.0,4.0,5.0,3.0,2.0,0.0,1,0
Starokostiantyniv_City_JointStaffVolunteers,Khmelnytskyi Region,15,4.1,3.8,3.9,3.8,3.7,3.9,3.9,3.9,4.1,3.7,3.9,3.8,3.7,3.9,4.1,3.7,4.3,4.0,3.6,3.5,4.1,3.9,4.3,3.5,3.4,3.9,3.9,4.1,3.9,4.1,2.7,3.9,3.7,3.7,3.9,5.3,2.6,1.9,0.0,4.1,4.0,4.0,4.0,4.0,4.0,4.0,3.8,4.0,4.0,4.0,4.0,4.0,4.0,4.0,4.0,4.0,5.0,4.0,4.0,4.0,4.0,4.0,4.0,4.0,4.0,4.0,4.0,4.0,4.0,3.0,4.0,4.0,4.0,4.0,5.0,2.0,1.0,0.0,1,0
Stryi District Representation Staff Volunteers,Lviv Region,5,4.1,4.0,4.0,4.1,3.9,4.0,3.9,3.5,3.7,3.2,3.7,4.2,4.0,4.0,4.0,4.0,3.8,4.2,4.0,3.4,4.0,4.0,4.0,3.8,4.0,4.0,3.8,3.8,3.6,4.2,2.8,3.4,3.2,3.2,4.0,5.6,2.6,2.2,0.0,3.9,4.0,4.0,4.0,4.0,4.0,4.0,3.7,4.0,3.5,3.5,4.0,4.0,4.0,4.0,4.0,4.0,4.0,4.0,4.0,4.0,4.0,4.0,4.0,4.0,4.0,4.0,4.0,4.0,4.0,3.0,3.0,3.0,3.0,4.0,5.0,3.0,3.0,0.0,1,0
Stryi District Staff Volunteers,Lviv Region,8,4.4,4.7,4.8,4.8,4.7,4.6,4.8,4.8,4.9,4.7,4.8,4.8,4.8,4.9,4.9,4.4,4.9,4.8,4.8,4.6,4.8,4.9,4.9,4.6,4.8,4.9,4.8,4.8,4.9,4.9,2.8,4.8,4.6,4.8,4.9,5.8,2.4,1.2,0.0,4.2,5.0,5.0,5.0,5.0,5.0,5.0,5.0,5.0,5.0,5.0,5.0,5.0,5.0,5.0,5.0,5.0,5.0,5.0,5.0,5.0,5.0,5.0,5.0,5.0,5.0,5.0,5.0,5.0,5.0,3.0,5.0,5.0,5.0,5.0,5.5,3.0,1.0,0.0,1,0
Sumy_Regional_ERT,Sumy Region,15,4.0,4.2,4.3,4.2,4.2,4.1,3.8,3.9,4.2,3.4,4.1,4.2,4.1,4.3,4.1,4.1,4.6,4.3,4.3,3.9,4.1,4.4,4.5,4.4,4.1,4.1,3.6,3.7,3.8,4.4,3.1,4.1,3.4,3.3,4.2,5.4,2.9,2.3,1.0,3.9,4.2,4.2,4.0,4.0,4.0,4.0,4.0,4.0,3.5,4.0,4.0,4.0,4.0,4.0,4.0,5.0,4.0,4.0,4.0,4.0,4.0,5.0,4.0,4.0,4.0,4.0,4.0,4.0,4.0,3.0,4.0,3.0,3.0,4.0,5.0,3.0,3.0,1.0,0,1
Sumy_Regional_FirstAid,Sumy Region,20,4.2,4.2,4.4,4.2,4.3,4.2,4.2,4.4,4.4,4.3,4.4,4.4,4.2,4.1,4.2,4.2,4.6,4.6,4.2,4.0,4.4,4.5,4.6,4.3,4.2,4.2,4.0,4.2,4.3,4.6,3.0,4.4,4.3,4.3,4.4,5.6,2.5,1.6,1.0,4.2,4.2,4.5,4.2,4.2,4.0,4.0,4.2,4.5,4.0,4.5,4.0,4.0,4.0,4.0,4.0,5.0,5.0,4.0,4.0,4.5,5.0,5.0,4.0,4.0,4.0,4.0,4.0,4.0,5.0,3.0,4.0,4.0,4.0,4.0,5.0,3.0,1.0,1.0,1,0
Sumy_Regional_Home-BasedCare,Sumy Region,40,4.1,4.2,4.4,4.1,4.2,4.3,4.2,4.2,4.1,4.3,4.2,4.1,4.0,4.0,4.4,4.2,4.3,4.4,3.9,4.2,4.4,4.5,4.4,4.3,4.2,4.5,4.0,4.2,3.8,4.6,2.7,4.1,4.3,4.4,4.4,5.6,3.0,1.4,1.0,4.2,4.0,4.4,4.0,4.0,4.0,4.3,4.2,4.0,4.0,4.0,4.0,4.0,4.0,4.0,4.0,4.0,4.0,4.0,4.0,4.0,4.5,5.0,4.0,4.0,5.0,4.0,4.0,4.0,5.0,3.0,4.0,4.0,4.0,4.0,6.0,3.0,1.0,1.0,0,1
Sumy_Regional_MineRiskAwareness,Sumy Region,9,4.0,4.4,4.5,4.5,4.3,4.4,4.4,4.4,4.6,4.1,4.4,4.6,4.4,4.4,4.4,4.3,4.7,4.3,4.3,4.2,4.6,4.6,4.4,4.6,4.2,4.4,4.4,4.4,4.4,4.6,3.1,4.4,4.1,4.0,4.4,5.4,3.2,2.0,1.0,3.9,4.2,4.6,4.7,4.0,4.0,4.3,4.5,4.5,4.0,4.5,5.0,4.0,4.0,4.0,4.0,5.0,4.0,4.0,4.0,5.0,5.0,5.0,5.0,4.0,4.0,5.0,5.0,4.0,5.0,3.0,4.0,4.0,4.0,4.0,5.0,3.0,2.0,1.0,1,0
Sumy_Regional_PSS_JointStaffVolunteers,Sumy Region,19,3.9,4.2,4.2,4.3,4.2,4.1,4.3,4.0,4.3,3.5,4.3,4.4,4.1,4.4,4.1,4.1,4.6,4.4,4.1,4.3,3.9,4.4,4.1,4.4,4.1,4.4,4.2,4.4,4.1,4.3,2.6,4.0,3.5,3.5,4.5,5.3,3.1,2.3,1.0,3.9,4.1,4.2,4.0,4.0,4.0,4.0,4.0,4.5,3.5,4.5,4.0,4.0,4.0,4.0,4.0,5.0,4.0,4.0,4.0,4.0,4.0,4.0,4.0,4.0,4.0,4.0,4.0,4.0,4.0,3.0,4.0,4.0,4.0,5.0,5.0,3.0,2.0,1.0,1,0
Sumy_Regional_Staff,Sumy Region,8,3.9,4.2,4.4,4.0,4.0,4.8,4.2,4.2,4.1,4.1,4.2,4.0,4.0,4.0,4.9,4.6,4.5,4.2,4.0,3.9,4.5,4.4,4.6,4.4,4.1,4.4,4.1,4.2,3.8,4.1,3.0,4.2,4.0,4.1,4.2,5.2,3.4,1.8,1.0,4.1,4.4,4.4,4.0,4.0,5.0,4.2,4.2,4.0,4.0,4.0,4.0,4.0,4.0,5.0,5.0,4.5,4.0,4.0,4.0,5.0,4.0,5.0,4.0,4.0,4.0,4.0,4.0,3.5,4.0,3.0,4.0,4.0,4.0,4.0,5.5,3.0,2.0,1.0,0,1
Suvorоvska_City_Volunteers,Odessa Region,7,3.7,4.3,4.3,4.1,4.4,4.3,4.6,4.1,4.4,3.8,4.1,4.1,4.3,4.0,4.1,4.4,4.6,4.4,4.4,4.4,4.4,4.4,4.0,4.4,4.3,4.7,4.4,4.7,4.3,4.4,2.9,4.0,3.9,3.7,4.3,4.9,3.4,2.1,0.0,3.9,4.5,4.0,4.3,4.3,4.5,4.7,4.0,4.0,4.0,4.0,4.0,4.0,4.0,4.0,4.0,5.0,4.0,4.0,4.0,5.0,4.0,4.0,4.0,4.0,5.0,4.0,5.0,4.0,4.0,3.0,4.0,4.0,4.0,4.0,5.0,3.0,2.0,0.0,1,0
Ternopil_City_JoinStaffVolonteers,Ternopil Region,17,4.3,4.3,4.3,4.2,4.5,4.1,4.4,4.2,4.3,4.3,4.1,4.2,4.2,4.4,4.2,4.0,4.3,4.6,4.4,4.5,4.4,4.4,4.3,4.1,4.2,4.5,4.2,4.4,4.2,4.7,2.2,3.9,4.3,4.3,4.2,5.6,2.6,1.4,0.0,4.3,4.1,4.2,4.3,4.7,4.0,4.3,4.0,4.0,4.0,4.0,4.0,4.0,4.0,4.0,4.0,4.0,5.0,4.0,5.0,4.0,4.0,4.0,4.0,4.0,5.0,4.0,4.0,4.0,5.0,2.0,4.0,4.0,4.0,4.0,6.0,3.0,1.0,0.0,1,0
Ternopil_Disctict_JoinStaffVolonteers,Ternopil Region,16,3.7,4.2,4.2,4.1,4.3,4.1,4.2,4.2,4.3,4.1,4.1,4.1,4.2,4.2,4.2,4.1,4.3,4.3,4.4,4.3,4.3,4.4,4.1,4.1,4.1,4.2,4.1,4.3,4.3,4.4,3.0,4.1,4.1,4.1,4.1,5.7,3.6,2.8,0.0,3.9,4.1,4.1,4.0,4.2,4.0,4.0,4.2,4.5,4.0,4.0,4.0,4.0,4.0,4.0,4.0,4.0,4.0,4.5,4.0,4.0,4.0,4.0,4.0,4.0,4.0,4.0,4.0,4.0,4.0,3.0,4.0,4.0,4.0,4.0,6.0,3.0,2.0,0.0,1,0
Ternopil_Regional_ERTFirstAid_Volonteers,Ternopil Region,9,3.7,4.1,4.1,4.1,4.0,4.3,4.2,4.3,4.5,3.7,4.6,4.1,4.0,4.3,4.3,4.2,4.8,4.3,3.9,3.9,4.1,4.3,4.2,3.9,4.1,4.3,4.2,4.1,4.2,4.2,3.1,4.8,3.6,3.9,4.3,5.2,3.4,2.7,0.0,3.9,4.0,4.2,4.0,4.0,4.5,4.3,4.3,4.5,3.5,4.5,4.0,4.0,4.0,4.0,4.0,5.0,4.0,4.0,4.0,4.0,5.0,5.0,4.0,4.0,4.0,4.0,4.0,4.0,4.0,3.0,5.0,3.0,4.0,4.0,5.0,3.0,3.0,0.0,1,0
Ternopil_Regional_JoinStaff,Ternopil Region,8,3.0,3.6,4.0,3.5,3.4,3.9,3.4,3.8,4.1,3.2,3.9,3.6,3.1,3.9,3.9,3.9,4.1,3.4,3.8,3.1,3.9,4.4,4.1,4.1,3.6,3.4,3.2,3.5,4.1,4.0,3.1,3.6,3.1,3.4,4.1,4.2,4.8,3.2,0.0,3.1,3.6,4.0,3.2,3.3,4.0,3.7,3.6,4.0,3.0,4.0,3.5,3.0,4.0,4.0,4.0,4.0,3.0,4.0,3.0,4.0,4.0,4.0,4.0,4.0,3.5,3.0,3.5,4.0,4.0,3.0,4.0,3.0,3.0,4.0,4.0,5.0,3.0,0.0,0,1
Tulchyn_District_JointStaffVolunteers,Vinnitsa Region,11,3.9,4.3,4.3,4.3,4.4,4.0,4.6,4.1,4.1,4.0,4.2,4.4,4.0,4.6,4.2,3.9,4.3,4.5,4.3,4.4,4.2,4.8,4.2,4.2,4.4,4.6,4.5,4.6,4.0,4.4,3.3,4.2,4.1,4.0,4.3,5.5,3.3,1.9,0.0,4.1,4.4,4.4,4.3,4.3,4.0,4.7,4.2,4.0,4.0,4.5,5.0,4.0,5.0,4.0,4.0,4.0,5.0,4.0,4.0,4.0,5.0,4.0,4.0,4.0,5.0,5.0,5.0,4.0,4.0,3.0,4.0,4.0,4.0,4.0,6.0,3.0,2.0,0.0,1,0
Tyachiv_District_Volonteers,Zakarpattya Region,14,4.0,4.3,4.4,4.3,4.4,4.2,4.1,4.0,4.2,3.4,4.4,4.4,4.1,4.4,4.4,4.1,4.1,4.6,4.4,4.3,4.2,4.6,4.6,4.4,4.1,4.3,3.9,4.3,4.2,4.5,2.9,4.4,3.4,3.4,4.4,5.4,3.1,1.8,0.0,3.9,4.2,4.5,4.3,4.5,4.0,4.2,4.0,4.0,3.5,4.2,4.5,4.0,4.0,4.0,4.0,4.0,5.0,4.5,4.0,4.0,5.0,5.0,4.0,4.0,4.0,4.0,4.5,4.0,5.0,3.0,4.0,3.5,3.5,4.0,5.0,3.0,2.0,0.0,1,0
Uman_District_Volunteers,Cherkasy Region,6,3.8,4.0,3.6,4.0,4.0,4.2,3.9,3.8,4.1,3.3,3.8,3.8,4.2,4.0,4.2,4.2,4.0,4.0,3.8,4.0,4.0,4.0,3.3,3.3,3.5,3.8,3.8,4.0,4.2,4.0,2.5,3.7,3.3,3.3,4.0,5.0,3.3,2.2,0.0,3.6,4.0,3.7,4.0,4.0,4.0,4.0,4.1,4.0,4.0,4.0,4.0,4.0,4.0,4.0,4.0,4.0,4.0,4.0,4.0,4.0,4.0,3.0,3.5,3.5,4.0,4.0,4.0,4.0,4.0,3.0,3.5,4.0,4.0,4.0,5.0,3.5,2.5,0.0,1,0
Uzhhorod_City_Volonteers,Zakarpattya Region,12,3.8,4.2,4.1,4.2,4.1,4.2,4.1,4.0,4.1,3.7,4.2,4.3,3.8,4.5,4.2,4.2,4.1,4.3,3.9,4.0,4.0,4.1,4.2,4.2,3.9,4.2,4.0,4.2,4.1,4.4,2.8,4.1,3.7,3.7,4.2,5.3,3.2,2.7,0.0,3.8,4.2,4.0,4.3,4.0,4.0,4.0,4.0,4.0,4.0,4.0,4.0,4.0,4.5,4.0,4.0,4.0,4.0,4.0,4.0,4.0,4.0,4.0,4.0,4.0,4.0,4.0,4.0,4.0,4.0,3.0,4.0,4.0,4.0,4.0,5.0,3.0,3.0,0.0,1,0
Varash_City_Volunteers,Rivne Region,7,4.3,4.4,4.5,4.3,4.5,4.4,4.4,4.3,4.2,4.3,4.4,4.3,4.6,4.1,4.4,4.4,4.3,4.4,4.7,4.4,4.3,4.6,4.6,4.4,4.4,4.4,4.3,4.4,4.1,4.6,3.1,4.4,4.3,4.3,4.4,5.9,2.3,1.6,0.0,4.3,4.1,4.6,4.0,4.3,4.5,4.0,4.0,4.0,4.0,4.0,4.0,5.0,4.0,4.0,4.0,4.0,4.0,5.0,4.0,4.0,5.0,5.0,5.0,5.0,4.0,4.0,4.0,4.0,5.0,3.0,4.0,4.0,4.0,4.0,6.0,2.0,2.0,0.0,1,0
Verkhovyna district joint|staff|volunteers,Ivano-Frankivsk Region,8,3.9,4.4,4.5,4.3,4.6,4.5,4.8,4.2,4.4,4.0,4.4,4.5,4.1,4.2,4.6,4.4,4.6,4.8,4.5,4.4,4.4,4.6,4.5,4.5,4.4,4.9,4.6,4.9,4.2,4.8,2.8,4.2,3.9,4.1,4.5,5.9,3.4,2.4,0.0,3.7,4.5,4.5,4.2,4.7,4.8,4.7,4.3,4.2,4.0,4.5,4.5,4.0,4.0,5.0,4.5,5.0,5.0,4.5,4.0,4.0,5.0,4.5,4.5,4.0,5.0,5.0,5.0,4.0,5.0,2.0,4.0,4.0,4.0,4.5,6.0,3.5,3.0,0.0,0,1
Vinnytsia_District_JointStaffVolunteers,Vinnitsa Region,18,4.0,4.1,4.1,4.1,4.0,4.1,4.0,3.9,4.0,3.8,4.1,4.2,3.9,4.2,4.1,4.1,4.1,4.1,4.1,3.7,4.1,4.3,3.8,4.1,4.1,4.1,3.9,4.0,3.9,4.2,3.1,3.9,3.6,3.9,4.2,5.0,2.6,1.9,0.0,3.9,4.0,4.2,4.0,4.0,4.0,4.0,4.0,4.0,4.0,4.0,4.0,4.0,4.0,4.0,4.0,4.0,4.0,4.0,4.0,4.0,4.0,4.0,4.0,4.0,4.0,4.0,4.0,4.0,4.0,3.0,4.0,4.0,4.0,4.0,5.0,3.0,2.0,0.0,1,0
Vinnytsia_Regional_FirstAidERT_Volunteers,Vinnitsa Region,1,4.3,4.9,5.0,4.7,5.0,5.0,5.0,4.7,5.0,5.0,4.0,5.0,5.0,4.0,5.0,5.0,5.0,5.0,5.0,5.0,5.0,5.0,5.0,5.0,5.0,5.0,5.0,5.0,5.0,5.0,1.0,3.0,5.0,5.0,5.0,5.0,2.0,1.0,0.0,4.3,4.9,5.0,4.7,5.0,5.0,5.0,4.7,5.0,5.0,4.0,5.0,5.0,4.0,5.0,5.0,5.0,5.0,5.0,5.0,5.0,5.0,5.0,5.0,5.0,5.0,5.0,5.0,5.0,5.0,1.0,3.0,5.0,5.0,5.0,5.0,2.0,1.0,0.0,1,0
Vinnytsia_Regional_PSS_Volunteers,Vinnitsa Region,15,4.0,3.9,4.0,4.0,3.7,4.1,3.7,3.9,4.0,3.6,4.1,4.1,4.1,3.9,4.1,4.1,4.2,3.7,3.9,3.6,4.2,3.9,4.1,3.8,3.9,3.7,3.7,3.8,3.8,4.1,3.1,4.1,3.5,3.7,4.2,5.0,2.7,1.9,0.0,4.1,4.0,4.0,4.0,4.0,4.0,4.0,4.0,4.0,4.0,4.0,4.0,4.0,4.0,4.0,4.0,4.0,4.0,4.0,4.0,4.0,4.0,4.0,4.0,4.0,4.0,4.0,4.0,4.0,4.0,3.0,4.0,4.0,4.0,4.0,5.0,3.0,2.0,0.0,1,0
Vinnytsia_Regional_Staff,Vinnitsa Region,8,3.6,3.9,3.7,3.9,3.7,4.3,3.9,3.9,4.4,3.3,4.0,4.0,3.9,3.9,4.2,4.4,4.6,3.6,4.2,3.2,4.0,3.5,3.4,4.0,3.6,3.6,4.1,4.0,4.1,3.5,3.2,3.9,3.2,3.4,4.1,5.5,3.9,3.1,0.0,3.8,4.0,3.9,3.8,3.8,4.2,4.0,3.9,4.5,3.2,4.0,4.0,4.0,4.0,4.0,4.5,5.0,4.0,4.5,3.5,4.0,4.0,4.0,4.0,3.5,3.5,4.0,4.0,4.0,4.0,3.0,4.0,3.0,3.5,4.0,5.0,3.5,3.0,0.0,0,1
Volnyansk_ Regional_Volunteers,Zaporizhya Region,9,3.9,4.3,4.2,4.4,4.4,4.2,4.3,4.3,4.3,4.2,4.4,4.3,4.4,4.3,4.0,4.3,4.6,4.4,4.3,4.6,4.3,4.2,4.0,4.4,4.2,4.4,4.1,4.2,4.1,4.7,3.4,4.3,4.3,4.0,4.4,5.2,3.4,1.9,1.0,3.9,4.1,4.0,4.3,4.3,4.0,4.0,4.3,4.0,4.0,4.5,4.0,4.0,4.0,4.0,4.0,5.0,4.0,4.0,5.0,4.0,4.0,4.0,4.0,4.0,4.0,4.0,4.0,4.0,5.0,4.0,4.0,5.0,4.0,5.0,5.0,3.0,2.0,1.0,1,0
Volodymyr-Volynskyi_District_Volunteers,Volyn Region,5,3.8,4.6,4.8,4.6,4.8,4.5,4.5,4.7,4.7,4.7,4.7,4.8,4.4,4.6,4.4,4.6,4.8,4.8,4.8,4.8,4.8,4.8,5.0,4.6,4.6,4.6,4.6,4.2,4.6,4.8,3.2,4.8,4.8,4.6,4.6,6.2,3.4,3.0,0.0,4.1,4.6,5.0,4.7,5.0,4.5,4.7,5.0,5.0,5.0,5.0,5.0,4.0,5.0,4.0,5.0,5.0,5.0,5.0,5.0,5.0,5.0,5.0,5.0,5.0,5.0,5.0,4.0,5.0,5.0,3.0,5.0,5.0,5.0,5.0,6.0,3.0,2.0,0.0,1,0
Voznesenovsky_City_Volunteers,Zaporizhya Region,3,3.6,4.2,3.8,4.1,4.2,4.3,4.6,4.3,4.5,4.0,4.3,4.7,3.3,4.3,4.7,4.0,4.7,4.0,4.3,4.3,3.3,4.3,4.0,4.0,3.3,4.7,4.3,4.7,4.3,4.7,2.3,4.0,4.0,4.0,4.7,4.7,2.7,3.3,1.0,3.7,4.5,4.2,4.7,4.0,4.5,4.7,4.3,4.5,4.0,4.5,5.0,4.0,5.0,5.0,4.0,5.0,4.0,4.0,4.0,4.0,5.0,4.0,4.0,4.0,5.0,4.0,5.0,4.0,5.0,2.0,4.0,4.0,4.0,5.0,5.0,3.0,3.0,1.0,1,0
Voznesensk_District_Volunteers\Staff,Mykolaiv Region,26,4.3,3.9,4.0,4.1,3.7,4.0,3.6,3.8,3.8,3.4,4.1,4.0,4.0,4.3,4.0,4.0,4.0,3.9,3.7,3.5,4.0,4.0,4.2,3.9,3.7,3.8,3.5,3.5,3.7,4.0,3.2,4.1,3.5,3.4,4.0,5.9,2.6,1.5,0.0,4.3,4.0,4.0,4.0,3.8,4.0,3.7,3.8,4.0,4.0,4.0,4.0,4.0,4.0,4.0,4.0,4.0,4.0,4.0,4.0,4.0,4.0,4.0,4.0,4.0,4.0,3.5,4.0,4.0,4.0,3.0,4.0,4.0,4.0,4.0,6.0,3.0,1.0,0.0,1,0
Vyshhorod District Volunteers,Kyiv Region,41,4.4,4.4,4.4,4.5,4.4,4.2,4.5,4.4,4.6,4.2,4.4,4.5,4.4,4.6,4.2,4.1,4.8,4.6,4.2,4.5,4.5,4.5,4.5,4.2,4.3,4.6,4.4,4.5,4.5,4.6,2.7,4.2,4.2,4.2,4.5,5.9,2.2,1.5,0.0,4.3,4.4,4.4,4.7,4.3,4.0,4.7,4.3,5.0,4.0,4.5,5.0,4.0,5.0,4.0,4.0,5.0,5.0,4.0,5.0,5.0,5.0,5.0,4.0,4.0,5.0,5.0,5.0,5.0,5.0,3.0,4.0,4.0,4.0,5.0,6.0,2.0,1.0,0.0,1,0
Vyzhnytska_District_VolunteersStaff,Chernivtsi Region,19,4.2,4.4,4.3,4.5,4.4,4.3,4.4,4.2,4.4,3.6,4.4,4.6,4.3,4.5,4.5,4.1,4.5,4.6,4.4,4.2,4.2,4.3,4.4,4.1,4.4,4.6,4.2,4.5,4.3,4.7,3.1,4.4,3.6,3.5,4.5,5.7,2.2,2.0,0.0,4.1,4.6,4.2,4.3,4.3,4.0,4.3,4.2,4.5,4.0,4.5,5.0,4.0,5.0,4.0,4.0,5.0,5.0,4.0,4.0,4.0,4.0,4.0,4.0,4.0,5.0,4.0,5.0,4.0,5.0,3.0,5.0,4.0,4.0,5.0,6.0,3.0,2.0,0.0,1,0
Yavoriv District Staff Volunteers,Lviv Region,23,4.0,4.2,4.2,4.3,4.2,4.1,4.3,4.2,4.2,4.0,4.2,4.3,4.2,4.4,4.2,4.0,4.4,4.5,4.2,4.0,4.2,4.2,4.2,4.2,4.1,4.3,4.2,4.3,4.0,4.5,2.9,4.1,4.0,4.1,4.3,5.1,2.7,1.7,0.0,4.1,4.2,4.0,4.3,4.3,4.0,4.3,4.0,4.0,4.0,4.0,4.0,4.0,5.0,4.0,4.0,4.0,5.0,4.0,4.0,4.0,4.0,4.0,4.0,4.0,4.0,4.0,4.0,4.0,5.0,3.0,4.0,4.0,4.0,4.0,5.0,3.0,1.0,0.0,1,0
Yuzhnoukrainsk_City_Staff,Mykolaiv Region,7,3.8,4.3,4.4,4.4,4.3,4.1,4.1,4.0,4.1,3.7,4.2,4.4,4.3,4.4,4.1,4.0,4.3,4.4,4.0,4.4,4.1,4.6,4.6,4.1,4.4,4.4,3.9,4.1,3.9,4.4,3.1,4.0,3.9,3.6,4.4,5.3,3.4,2.3,0.0,3.5,4.0,4.4,4.3,4.0,4.0,4.0,4.0,4.0,4.0,4.0,4.0,4.0,4.0,4.0,4.0,4.0,4.0,4.0,4.0,4.0,5.0,5.0,4.0,4.0,4.0,4.0,4.0,4.0,4.0,3.0,4.0,4.0,4.0,4.0,5.0,3.0,1.0,0.0,0,1
Yuzhnoukrainsk_City_Volunteers,Mykolaiv Region,14,4.0,4.3,4.3,4.3,4.4,4.1,4.3,4.2,4.3,4.1,4.1,4.4,4.1,4.5,4.2,4.1,4.5,4.6,4.4,4.3,4.2,4.4,4.2,4.2,4.4,4.4,4.3,4.2,4.1,4.6,3.3,4.0,4.1,4.1,4.3,5.4,3.3,1.8,0.0,4.0,4.3,4.1,4.3,4.5,4.0,4.2,4.2,4.5,4.0,4.0,4.0,4.0,4.5,4.0,4.0,5.0,5.0,4.0,4.0,4.0,4.0,4.0,4.0,4.0,4.0,4.0,4.0,4.0,5.0,3.0,4.0,4.0,4.0,4.0,5.0,3.0,2.0,0.0,1,0
Zakarpattia_Regional_Staff,Zakarpattya Region,5,3.5,4.4,4.5,4.3,4.5,4.4,3.8,4.0,4.3,3.7,3.9,4.2,4.4,4.2,4.6,4.2,4.8,5.0,4.4,4.2,4.6,5.0,4.2,4.6,4.0,4.0,3.8,3.6,3.8,4.2,2.8,3.6,3.6,3.8,4.2,4.8,4.0,2.6,0.0,3.5,4.2,4.6,4.0,4.7,4.5,4.0,4.0,4.5,4.0,3.5,4.0,4.0,4.0,5.0,4.0,5.0,5.0,4.0,4.0,5.0,5.0,4.0,5.0,4.0,4.0,4.0,4.0,4.0,4.0,3.0,3.0,4.0,4.0,4.0,5.0,4.0,3.0,0.0,0,1
Zavodsky _ City_Volunteers,Zaporizhya Region,12,4.3,4.6,4.7,4.5,4.6,4.6,4.5,4.4,4.3,4.0,4.8,4.6,4.5,4.5,4.5,4.8,4.7,4.8,4.5,4.4,4.6,4.8,4.8,4.8,4.3,4.6,4.3,4.5,3.9,4.6,3.2,4.7,4.2,3.9,4.9,5.8,2.4,1.6,1.0,4.3,4.5,4.8,4.6,4.7,5.0,4.7,4.3,4.5,4.0,5.0,5.0,5.0,5.0,5.0,5.0,5.0,5.0,5.0,4.0,5.0,5.0,5.0,5.0,4.0,5.0,4.0,5.0,4.0,5.0,3.0,5.0,4.0,4.0,5.0,6.0,2.0,1.0,1.0,1,0
Zbarazh_District_JoinStaffVolunteers,Ternopil Region,23,4.3,4.3,4.2,4.4,4.3,4.1,4.4,4.2,4.2,4.0,4.2,4.4,4.2,4.7,4.2,4.1,4.3,4.5,4.3,4.2,4.3,4.3,4.1,4.3,4.2,4.3,4.3,4.4,4.2,4.4,2.9,4.1,4.0,4.0,4.3,5.9,2.4,1.6,0.0,4.3,4.2,4.2,4.3,4.3,4.0,4.0,4.0,4.0,4.0,4.0,4.0,4.0,5.0,4.0,4.0,4.0,4.0,4.0,4.0,4.0,4.0,4.0,4.0,4.0,4.0,4.0,4.0,4.0,4.0,3.0,4.0,4.0,4.0,4.0,6.0,2.0,1.0,0.0,1,0
Zdolbuniv_City_Volunteers,Rivne Region,5,4.0,4.0,4.2,3.9,4.2,4.0,3.8,4.1,4.2,4.0,4.1,3.8,3.8,4.0,4.0,4.0,4.2,4.4,4.0,4.2,4.2,4.6,4.2,4.2,4.0,3.8,3.8,3.8,4.2,4.4,3.6,4.0,4.0,4.0,4.2,5.2,3.0,1.8,0.0,3.9,4.0,4.0,4.0,4.3,4.0,4.0,4.0,4.0,4.0,4.0,4.0,4.0,4.0,4.0,4.0,4.0,4.0,4.0,4.0,4.0,5.0,4.0,4.0,4.0,4.0,4.0,4.0,4.0,4.0,3.0,4.0,4.0,4.0,4.0,5.0,3.0,2.0,0.0,1,0
Zhmerynka_District_JointStaffVolunteers,Vinnitsa Region,9,4.3,4.5,4.6,4.5,4.6,4.4,4.6,4.4,4.5,4.2,4.4,4.6,4.3,4.6,4.4,4.4,4.6,4.8,4.4,4.7,4.7,4.7,4.4,4.6,4.7,4.8,4.4,4.7,4.4,4.8,2.8,4.2,4.2,4.2,4.7,6.3,3.4,1.2,0.0,4.1,4.6,4.8,4.7,5.0,4.0,4.7,4.5,4.5,4.0,4.5,5.0,4.0,5.0,4.0,4.0,5.0,5.0,5.0,5.0,5.0,5.0,5.0,5.0,5.0,5.0,5.0,5.0,5.0,5.0,3.0,4.0,4.0,4.0,5.0,7.0,3.0,1.0,0.0,1,0
Zhytomyr_City_JointStaffVolunteers,Zytomyr Region,4,3.9,4.2,4.0,4.2,4.2,4.2,4.0,4.0,4.2,3.8,3.9,4.2,4.2,4.2,4.2,4.2,4.5,4.2,4.2,4.0,4.0,4.0,3.8,4.2,4.0,4.2,3.5,4.2,4.0,4.2,2.8,3.8,3.8,3.8,4.0,5.2,3.0,2.2,0.0,3.8,4.0,4.0,4.0,4.0,4.0,3.7,4.1,4.2,4.0,4.0,4.0,4.0,4.0,4.0,4.0,4.5,4.0,4.0,4.0,4.0,4.0,4.0,4.0,4.0,4.0,3.0,4.0,4.0,4.5,3.0,4.0,4.0,4.0,4.0,5.0,3.5,2.5,0.0,1,0
Zhytomyr_Regional_Staff,Zytomyr Region,6,3.4,3.6,4.1,3.8,3.1,4.0,3.5,3.9,4.5,3.4,3.9,3.7,4.0,3.7,4.0,4.0,4.8,3.2,3.5,2.7,3.8,4.5,4.3,4.3,3.5,3.5,3.5,3.5,4.2,3.0,3.5,3.5,3.5,3.3,4.3,4.8,4.0,3.2,0.0,3.4,3.4,4.2,3.6,3.2,4.0,3.5,4.2,4.5,4.0,4.0,3.5,4.0,3.0,4.0,4.0,5.0,3.0,3.0,3.0,4.0,4.5,4.5,4.5,4.0,3.5,3.5,3.5,4.0,3.0,3.0,4.0,4.0,4.0,4.5,4.5,4.0,3.0,0.0,0,1
Zolochiv District Staff Volunteers,Lviv Region,6,4.4,4.3,4.5,4.3,4.2,4.3,4.4,4.1,4.2,3.8,4.2,4.3,4.2,4.5,4.3,4.3,4.2,4.5,4.0,4.2,4.5,4.5,4.5,4.3,4.5,4.5,4.2,4.5,4.3,4.3,2.5,4.0,3.8,3.8,4.3,5.7,2.3,1.2,0.0,4.2,4.2,4.5,4.3,4.4,4.2,4.4,4.0,4.2,4.0,4.0,4.0,4.0,5.0,4.0,4.0,4.0,4.5,4.0,4.5,4.5,4.5,4.5,4.0,4.5,4.5,4.0,4.5,4.0,4.0,2.0,4.0,4.0,4.0,4.0,5.5,2.5,1.0,0.0,1,0
Zolotonosha_District_Volunteers,Cherkasy Region,11,3.2,3.8,4.0,3.7,3.7,4.0,3.7,3.9,4.2,3.6,3.8,3.8,3.7,3.6,4.1,3.8,4.5,3.9,3.6,3.6,3.9,4.2,3.6,4.4,3.8,3.6,3.8,3.7,3.9,4.1,3.4,3.7,3.6,3.5,3.9,4.4,4.4,3.3,0.0,3.4,3.9,3.8,4.0,3.7,4.0,3.7,3.8,4.0,4.0,4.0,4.0,4.0,4.0,4.0,4.0,4.0,4.0,4.0,4.0,4.0,4.0,3.0,4.0,4.0,4.0,4.0,4.0,4.0,4.0,3.0,4.0,4.0,4.0,4.0,5.0,4.0,3.0,0.0,1,0
Zvenyhorodka_District_Volunteers,Cherkasy Region,9,4.1,4.4,4.2,4.5,4.5,4.3,4.2,4.3,4.2,4.3,4.3,4.4,4.4,4.6,4.4,4.2,4.3,4.7,4.6,4.2,4.2,4.2,4.1,4.4,4.2,4.6,3.9,4.1,4.0,4.8,2.7,4.2,4.1,4.4,4.4,5.7,2.7,1.9,0.0,4.3,4.6,4.2,4.7,4.7,4.0,4.3,4.3,4.0,4.0,4.5,4.0,4.0,5.0,4.0,4.0,4.0,5.0,5.0,4.0,4.0,4.0,4.0,4.0,4.0,5.0,4.0,4.0,4.0,5.0,3.0,4.0,4.0,4.0,4.0,6.0,3.0,1.0,0.0,1,0
employees,Poltava Region,8,3.9,4.5,4.6,4.6,4.5,4.3,4.6,4.4,4.4,4.4,4.3,4.6,4.2,4.8,4.5,4.1,4.5,4.8,4.5,4.2,4.6,4.8,4.5,4.8,4.2,4.6,4.5,4.6,4.4,4.2,3.2,4.2,4.4,4.4,4.4,5.8,3.5,2.2,0.0,4.1,4.5,4.6,4.7,4.7,4.2,4.5,4.4,4.5,4.2,4.5,5.0,4.0,5.0,4.5,4.0,4.5,5.0,5.0,4.0,5.0,5.0,4.5,5.0,4.0,5.0,4.5,5.0,4.0,4.0,3.0,4.0,4.0,4.0,4.5,6.0,3.0,2.0,0.0,0,1
Ізюмська МРО,Kharkiv Region,38,4.3,4.2,4.2,4.3,4.2,4.3,4.2,4.2,4.3,4.1,4.4,4.3,4.2,4.2,4.3,4.4,4.3,4.2,4.1,4.2,4.2,4.2,4.3,4.1,4.0,4.4,4.0,4.2,4.2,4.4,2.9,4.3,4.1,4.0,4.4,5.7,2.3,1.6,1.0,4.3,4.2,4.2,4.2,4.0,4.0,4.2,4.2,4.0,4.0,4.0,4.0,4.0,4.0,4.0,4.0,4.0,4.0,4.0,4.0,4.0,4.0,4.0,4.0,4.0,4.5,4.0,4.0,4.0,5.0,3.0,4.0,4.0,4.0,4.0,6.0,2.0,1.0,1.0,1,0
Індустріальна РО,Kharkiv Region,13,4.4,4.6,4.5,4.6,4.5,4.8,4.4,4.3,4.2,4.2,4.5,4.6,4.5,4.6,4.8,4.8,4.1,4.6,4.5,4.5,4.6,4.6,4.5,4.5,4.4,4.6,4.3,4.4,4.4,4.7,3.2,4.5,4.2,4.3,4.5,5.9,2.2,1.4,1.0,4.5,4.6,4.6,4.7,4.7,5.0,4.7,4.3,4.5,4.0,4.5,5.0,5.0,5.0,5.0,5.0,4.0,5.0,5.0,5.0,5.0,5.0,5.0,4.0,4.0,5.0,4.0,4.0,4.0,5.0,3.0,5.0,4.0,4.0,5.0,6.0,2.0,1.0,1.0,0,1
Богодухівська РО,Kharkiv Region,38,4.4,4.5,4.5,4.5,4.5,4.5,4.4,4.4,4.4,4.2,4.4,4.5,4.5,4.5,4.6,4.4,4.6,4.6,4.4,4.6,4.5,4.5,4.4,4.4,4.4,4.6,4.3,4.5,4.3,4.6,3.2,4.4,4.3,4.2,4.4,6.1,2.3,1.5,1.0,4.5,4.5,4.5,4.7,4.7,4.5,4.3,4.3,4.5,4.0,4.0,5.0,4.5,5.0,5.0,4.0,5.0,5.0,4.5,5.0,5.0,4.5,4.0,4.0,4.0,5.0,4.0,5.0,4.0,5.0,3.0,4.0,4.0,4.0,4.0,7.0,2.0,1.0,1.0,0,1
Вижницька РО,Chernivtsi Region,11,4.1,4.5,4.4,4.6,4.3,4.5,4.5,4.3,4.3,4.2,4.4,4.6,4.5,4.7,4.5,4.5,4.5,4.5,4.4,4.1,4.5,4.4,4.4,4.5,4.4,4.6,4.5,4.5,4.1,4.5,3.1,4.3,4.3,4.1,4.5,5.7,3.3,1.7,0.0,4.1,4.4,4.2,5.0,4.3,4.5,4.3,4.2,4.5,4.0,4.5,5.0,5.0,5.0,5.0,4.0,5.0,4.0,4.0,4.0,5.0,4.0,4.0,4.0,4.0,5.0,5.0,4.0,4.0,5.0,3.0,4.0,4.0,4.0,5.0,6.0,3.0,1.0,0.0,1,0
Запорізька района філія ЗОО ТЧХУ,Zaporizhya Region,4,3.8,4.4,4.0,4.4,4.3,4.5,4.2,4.1,4.4,4.1,3.8,4.2,4.2,4.5,4.5,4.5,4.5,4.2,4.5,4.2,4.2,4.0,3.5,4.0,4.2,4.5,4.2,4.0,4.2,4.2,2.0,3.5,4.2,4.0,4.0,4.8,3.2,2.0,1.0,4.1,4.3,4.1,4.4,4.2,4.5,4.2,4.1,4.2,4.0,4.0,4.5,4.0,4.5,4.5,4.5,4.5,4.0,4.5,4.0,4.0,4.0,3.5,4.0,4.5,4.5,4.0,4.0,4.0,4.0,2.0,3.5,4.0,4.0,4.0,5.0,3.0,1.5,1.0,1,0
Зміївська,Kharkiv Region,18,4.1,4.1,4.1,4.1,4.0,4.1,3.9,4.0,4.1,3.7,4.1,4.1,4.1,4.2,4.1,4.1,4.1,4.1,3.9,4.0,4.1,4.2,4.3,4.1,3.9,4.0,3.9,3.9,4.1,4.2,2.7,4.1,3.6,3.8,4.2,5.2,2.7,1.7,0.0,4.1,4.0,4.0,4.0,4.0,4.0,4.0,4.0,4.0,4.0,4.0,4.0,4.0,4.0,4.0,4.0,4.0,4.0,4.0,4.0,4.0,4.0,4.0,4.0,4.0,4.0,4.0,4.0,4.0,4.0,3.0,4.0,4.0,4.0,4.0,5.0,3.0,2.0,0.0,0,1
Київська РО,Kharkiv Region,4,3.2,3.9,4.0,3.7,4.2,3.8,3.6,3.5,4.0,2.2,4.1,3.8,3.5,3.8,3.8,3.8,4.0,4.8,4.2,3.8,3.8,4.5,4.2,3.0,4.5,3.8,3.8,3.2,4.0,4.0,2.8,4.5,2.0,2.5,3.8,4.0,4.0,3.0,1.0,3.2,3.9,4.0,3.7,4.2,4.0,3.5,3.5,4.0,2.2,4.0,4.0,3.5,4.0,4.0,4.0,4.0,5.0,4.0,4.0,4.0,4.5,4.0,3.0,4.5,3.5,4.0,3.0,4.0,4.0,3.0,4.5,2.0,2.5,4.0,4.0,3.5,2.5,1.0,0,1
Красноградська РО,Kharkiv Region,6,3.6,4.2,4.4,4.1,4.3,4.2,4.3,4.2,4.7,3.9,4.1,4.2,4.0,4.2,4.2,4.2,5.0,4.5,4.3,4.0,4.3,4.2,4.8,4.8,3.8,4.2,4.3,4.5,4.3,4.3,2.8,4.0,4.0,3.8,4.2,5.3,4.0,2.3,0.0,3.8,4.2,4.4,4.0,4.2,4.0,4.6,4.3,4.8,4.0,4.0,4.0,4.0,4.0,4.0,4.0,5.0,4.5,4.0,4.0,4.0,4.0,5.0,5.0,4.0,4.5,4.5,5.0,4.5,4.5,3.0,4.0,4.0,4.0,4.0,5.0,4.0,2.5,0.0,1,0
Куп'янська МРО,Kharkiv Region,13,3.9,4.4,4.2,4.4,4.5,4.1,4.4,4.4,4.4,4.3,4.3,4.5,4.2,4.5,4.1,4.2,4.5,4.6,4.5,4.3,4.2,4.4,3.8,4.5,4.2,4.5,4.2,4.5,4.4,4.4,3.2,4.5,4.3,4.4,4.2,5.2,2.8,2.4,1.0,4.1,4.4,4.2,4.3,4.7,4.0,4.3,4.3,4.5,4.0,4.5,5.0,4.0,5.0,4.0,4.0,4.0,5.0,5.0,4.0,4.0,4.0,4.0,5.0,4.0,4.0,4.0,4.0,4.0,4.0,3.0,5.0,4.0,4.0,4.0,5.0,3.0,2.0,1.0,1,0
Лозівська,Kharkiv Region,21,3.9,4.0,3.9,4.0,3.9,4.0,3.9,4.0,4.1,3.8,4.0,4.0,3.9,4.1,4.0,4.1,4.2,3.9,4.0,4.0,4.0,4.0,4.0,4.1,3.6,4.0,4.0,3.8,4.0,3.8,2.7,3.9,3.9,3.7,4.1,5.3,2.9,2.7,1.0,3.9,4.1,4.0,4.3,4.3,4.0,4.3,4.2,4.5,4.0,4.0,4.0,4.0,4.0,4.0,4.0,4.0,4.0,4.0,4.0,4.0,4.0,4.0,4.0,4.0,4.0,4.0,4.0,4.0,4.0,3.0,4.0,4.0,4.0,4.0,5.0,3.0,2.0,1.0,1,0
Холодногірська РО,Kharkiv Region,15,3.9,4.3,4.3,4.3,4.4,4.2,4.5,4.3,4.5,3.9,4.4,4.2,4.0,4.6,4.2,4.3,4.8,4.6,4.1,4.3,4.1,4.6,4.3,4.1,4.1,4.7,4.3,4.4,4.3,4.7,3.1,4.3,3.8,3.9,4.5,5.5,3.1,2.6,1.0,3.7,4.5,4.4,4.3,4.7,4.5,4.7,4.2,4.5,4.0,4.5,4.0,4.0,5.0,4.0,5.0,5.0,5.0,4.0,4.0,4.0,5.0,5.0,4.0,4.0,5.0,4.0,4.0,4.0,5.0,3.0,4.0,4.0,4.0,5.0,6.0,3.0,2.0,1.0,1,0
Шевченківська РО,Kharkiv Region,4,3.4,4.2,4.2,4.2,4.2,4.5,3.8,3.7,4.1,3.0,4.0,4.5,4.0,4.0,4.2,4.8,4.2,4.2,4.2,4.0,4.0,4.2,4.0,4.5,4.2,4.0,3.8,3.8,4.0,4.2,3.0,4.0,3.0,3.0,4.0,5.0,4.0,3.0,1.0,3.4,4.2,4.2,4.0,4.2,4.5,3.8,3.7,4.0,3.0,4.0,4.5,4.0,4.0,4.0,5.0,4.0,4.0,4.0,4.0,4.0,4.0,4.0,4.5,4.0,4.0,4.0,4.0,4.0,4.0,3.0,4.0,3.0,3.0,4.0,5.0,4.0,3.0,1.0,0,1
